TIME,STUWVAK,VERSCHIL,Q
2018-01-02T00:00:00Z,211C_211B,0.06932295,4.385642695833333
2018-01-03T00:00:00Z,211C_211B,0.09495830833333334,6.41254375
2018-01-04T00:00:00Z,211C_211B,0.07245835416666661,4.8378354125000005
2018-01-05T00:00:00Z,211C_211B,0.0726458249999999,2.65771875
2018-01-06T00:00:00Z,211C_211B,0.06515631249999998,2.268533325
2018-01-07T00:00:00Z,211C_211B,0.04403563750000002,1.6003502958333333
2018-01-08T00:00:00Z,211C_211B,0.03586462500000002,1.37420835
2018-01-09T00:00:00Z,211C_211B,0.033718750000000096,1.2934646041666666
2018-01-10T00:00:00Z,211C_211B,0.033156345833333344,1.1851083458333334
2018-01-11T00:00:00Z,211C_211B,0.032105883333333383,1.2381585541666666
2018-01-12T00:00:00Z,211C_211B,0.027479099999999906,1.0456385483333333
2018-01-13T00:00:00Z,211C_211B,0.025021204166666606,0.98090729
2018-01-14T00:00:00Z,211C_211B,0.0227917208333334,0.9154406254166666
2018-01-15T00:00:00Z,211C_211B,0.02403133333333333,0.9605572883333333
2018-01-16T00:00:00Z,211C_211B,0.043312474999999906,1.5947739583333334
2018-01-17T00:00:00Z,211C_211B,0.04378122916666671,1.8823916666666667
2018-01-18T00:00:00Z,211C_211B,0.053749949999999935,1.9181875208333332
2018-01-19T00:00:00Z,211C_211B,0.05544790416666664,2.1280125
2018-01-20T00:00:00Z,211C_211B,0.05675001249999997,2.426403120833333
2018-01-21T00:00:00Z,211C_211B,0.04795835833333332,1.7697250041666666
2018-01-22T00:00:00Z,211C_211B,0.044927083333333284,1.6535041833333333
2018-01-23T00:00:00Z,211C_211B,0.03595839583333341,1.3695864708333334
2018-01-24T00:00:00Z,211C_211B,0.031466029166666666,1.2122395291666666
2018-01-25T00:00:00Z,211C_211B,0.02958339583333332,1.181687525
2018-01-26T00:00:00Z,211C_211B,0.026333300000000153,0.9962385483333334
2018-01-27T00:00:00Z,211C_211B,0.02251602916666658,0.8937093683333334
2018-01-28T00:00:00Z,211C_211B,0.024906337500000004,0.8681249979166666
2018-01-29T00:00:00Z,211C_211B,0.027052133333333412,0.8535604116666666
2018-01-30T00:00:00Z,211C_211B,0.02436012083333346,0.9975341625
2018-01-31T00:00:00Z,211C_211B,0.04262409166666666,1.9924584545833333
2018-02-01T00:00:00Z,211C_211B,0.052322924999999985,7.142296854166666
2018-02-02T00:00:00Z,211C_211B,0.056721808333333325,2.3321798375
2018-02-03T00:00:00Z,211C_211B,0.04592711250000018,1.8244260374999999
2018-02-04T00:00:00Z,211C_211B,0.035406304166666756,1.40058645
2018-02-05T00:00:00Z,211C_211B,0.028685420833333364,1.14032925
2018-02-06T00:00:00Z,211C_211B,0.027343770833333243,1.1140166833333334
2018-02-07T00:00:00Z,211C_211B,0.024239591666666633,0.9688489554166667
2018-02-08T00:00:00Z,211C_211B,0.020779604166666726,0.8278572883333333
2018-02-09T00:00:00Z,211C_211B,0.020469616666666652,0.7959607754166667
2018-02-10T00:00:00Z,211C_211B,0.01895185416666667,0.7711076204166667
2018-02-11T00:00:00Z,211C_211B,0.02694501666666671,0.98896156375
2018-02-12T00:00:00Z,211C_211B,0.025041649999999954,0.95078229
2018-02-13T00:00:00Z,211C_211B,0.020416641666666607,0.8797447866666667
2018-02-14T00:00:00Z,211C_211B,0.01752084583333328,0.77936770375
2018-02-15T00:00:00Z,211C_211B,0.020010333333333352,0.8814739604166667
2018-02-16T00:00:00Z,211C_211B,0.021312504166666784,0.8576479170833333
2018-02-17T00:00:00Z,211C_211B,0.019572883333333364,0.8131625045833333
2018-02-18T00:00:00Z,211C_211B,0.01823955833333335,0.733381255
2018-02-19T00:00:00Z,211C_211B,0.017500112500000053,0.7113729225
2018-02-20T00:00:00Z,211C_211B,0.015854158333333295,0.6369354175
2018-02-21T00:00:00Z,211C_211B,0.016614599999999886,0.5673583179166667
2018-02-22T00:00:00Z,211C_211B,0.015854229166666605,0.5366708254166667
2018-02-23T00:00:00Z,211C_211B,0.014778358333333371,0.5191149041666667
2018-02-24T00:00:00Z,211C_211B,0.013426745833333179,0.49679736291666665
2018-02-25T00:00:00Z,211C_211B,0.014033308333333272,0.47487083750000003
2018-02-26T00:00:00Z,211C_211B,0.0167811958333333,0.49007708499999997
2018-02-27T00:00:00Z,211C_211B,0.017233066666666685,0.47077416791666665
2018-02-28T00:00:00Z,211C_211B,0.017635433333333245,0.4150593791666667
2018-03-01T00:00:00Z,211C_211B,0.017875004166666725,0.35593645816666664
2018-03-02T00:00:00Z,211C_211B,0.017093716666666665,0.40265937625
2018-03-03T00:00:00Z,211C_211B,0.017006670833333293,0.3944981241666667
2018-03-04T00:00:00Z,211C_211B,0.016002729166666823,0.40347041958333335
2018-03-05T00:00:00Z,211C_211B,0.014416637499999921,0.24310208542916667
2018-03-06T00:00:00Z,211C_211B,0.012791558333333305,0.2545354166666667
2018-03-07T00:00:00Z,211C_211B,0.012656279166666526,0.36068333583333334
2018-03-08T00:00:00Z,211C_211B,0.014708341666666644,0.5045447929166667
2018-03-09T00:00:00Z,211C_211B,0.01397673333333338,0.5513870833333333
2018-03-10T00:00:00Z,211C_211B,0.014727474999999898,0.6642360054166667
2018-03-11T00:00:00Z,211C_211B,0.015035379166666677,0.6905576754166667
2018-03-12T00:00:00Z,211C_211B,0.014697804166666625,0.7263906245833334
2018-03-13T00:00:00Z,211C_211B,0.019171241666666616,0.8997923216666667
2018-03-14T00:00:00Z,211C_211B,0.015500016666666635,0.8250593770833333
2018-03-15T00:00:00Z,211C_211B,0.01490623333333326,0.8437812479166666
2018-03-16T00:00:00Z,211C_211B,0.01840626250000003,0.8830677079166667
2018-03-17T00:00:00Z,211C_211B,0.01489579166666651,0.9047916620833333
2018-03-18T00:00:00Z,211C_211B,0.013718754166666569,0.74271979125
2018-03-19T00:00:00Z,211C_211B,0.013760337500000016,0.5552145875
2018-03-20T00:00:00Z,211C_211B,0.014406199999999961,0.5355718758333333
2018-03-21T00:00:00Z,211C_211B,0.014343716666666709,0.5119249991666667
2018-03-22T00:00:00Z,211C_211B,0.019062487499999947,0.7657802066666667
2018-03-23T00:00:00Z,211C_211B,0.016125008333333374,0.5479645887291666
2018-03-24T00:00:00Z,211C_211B,0.012908633333333327,0.4657399408333333
2018-03-25T00:00:00Z,211C_211B,0.013906229166666654,0.4549697925
2018-03-26T00:00:00Z,211C_211B,0.01395142916666666,0.46645662375
2018-03-27T00:00:00Z,211C_211B,0.013479166666666561,0.42274062291666664
2018-03-28T00:00:00Z,211C_211B,0.015510487499999984,0.6246729158333333
2018-03-29T00:00:00Z,211C_211B,0.015232058333333224,0.69661218
2018-03-30T00:00:00Z,211C_211B,0.012718750000000001,0.6722656325
2018-03-31T00:00:00Z,211C_211B,0.017041633333333195,0.8235020895833334
2018-04-01T00:00:00Z,211C_211B,0.017843733333333296,1.0042395845833334
2018-04-02T00:00:00Z,211C_211B,0.01615193750000003,0.8893112995833333
2018-04-03T00:00:00Z,211C_211B,0.0160625000000002,0.8268427083333333
2018-04-04T00:00:00Z,211C_211B,0.016829812499999968,0.83715967375
2018-04-05T00:00:00Z,211C_211B,0.02081250833333333,0.9247208245833334
2018-04-06T00:00:00Z,211C_211B,0.012036729166666612,0.73636874125
2018-04-07T00:00:00Z,211C_211B,0.01307291666666647,0.6198927129166667
2018-04-08T00:00:00Z,211C_211B,0.012328750000000036,0.60061874875
2018-04-09T00:00:00Z,211C_211B,0.013360699999999967,0.6088535879166667
2018-04-10T00:00:00Z,211C_211B,0.013267362499999972,0.5928071516666666
2018-04-11T00:00:00Z,211C_211B,0.02260421250000007,1.3420625125
2018-04-12T00:00:00Z,211C_211B,0.018270795833333315,1.0206375083333334
2018-04-13T00:00:00Z,211C_211B,0.016331237499999946,0.85210416375
2018-04-14T00:00:00Z,211C_211B,0.010953383333333141,0.754343315
2018-04-15T00:00:00Z,211C_211B,0.01295836666666672,0.7594437429166667
2018-04-16T00:00:00Z,211C_211B,0.01227083750000002,0.7146395795833334
2018-04-17T00:00:00Z,211C_211B,0.014052112500000158,0.5903208333333333
2018-04-18T00:00:00Z,211C_211B,0.013607800000000133,0.55996016625
2018-04-19T00:00:00Z,211C_211B,0.014520754166666686,0.608745835
2018-04-20T00:00:00Z,211C_211B,0.01784369166666655,0.5959229145833334
2018-04-21T00:00:00Z,211C_211B,0.01435210000000009,0.56555956125
2018-04-22T00:00:00Z,211C_211B,0.01616365416666669,0.59516996625
2018-04-23T00:00:00Z,211C_211B,0.017427066666666675,0.572057294625
2018-04-24T00:00:00Z,211C_211B,0.015218737499999987,0.5660406191666667
2018-04-25T00:00:00Z,211C_211B,0.018022520833333444,0.5616025841666666
2018-04-26T00:00:00Z,211C_211B,0.018364541666666567,0.5361958341666666
2018-04-27T00:00:00Z,211C_211B,0.01421877916666662,0.45389583499999997
2018-04-28T00:00:00Z,211C_211B,0.014697879166666575,0.45788020916666666
2018-04-29T00:00:00Z,211C_211B,0.014895899999999998,0.480940625
2018-04-30T00:00:00Z,211C_211B,0.05615652500000001,3.6097394666666665
2018-05-01T00:00:00Z,211C_211B,0.04797914166666669,2.1813666708333335
2018-05-02T00:00:00Z,211C_211B,0.02345929999999996,1.012642695
2018-05-03T00:00:00Z,211C_211B,0.017260354166666714,0.9610114658333333
2018-05-04T00:00:00Z,211C_211B,0.01637503750000006,0.7991531220833333
2018-05-05T00:00:00Z,211C_211B,0.015072904166666734,0.6751906220833334
2018-05-06T00:00:00Z,211C_211B,0.015660362500000063,0.5934836091666666
2018-05-07T00:00:00Z,211C_211B,0.014177129166666691,0.5065124966666666
2018-05-08T00:00:00Z,211C_211B,0.01431247083333346,0.54108125
2018-05-09T00:00:00Z,211C_211B,0.017416641666666677,0.5944687354166667
2018-05-10T00:00:00Z,211C_211B,0.017770829166666613,0.7216458375
2018-05-11T00:00:00Z,211C_211B,0.01711464999999986,0.6158437504166666
2018-05-12T00:00:00Z,211C_211B,0.016177100000000017,0.6650458295833334
2018-05-13T00:00:00Z,211C_211B,0.0190454708333333,0.6886734141666666
2018-05-14T00:00:00Z,211C_211B,0.016729187499999926,0.6812041691666667
2018-05-15T00:00:00Z,211C_211B,0.014947929166666615,0.5534843716666666
2018-05-16T00:00:00Z,211C_211B,0.01672912499999994,0.59215624625
2018-05-17T00:00:00Z,211C_211B,0.01668756249999992,0.5307968725
2018-05-18T00:00:00Z,211C_211B,0.015669137499999947,0.46326535333333335
2018-05-19T00:00:00Z,211C_211B,0.015416700000000061,0.5135239554166666
2018-05-20T00:00:00Z,211C_211B,0.014614604166666637,0.4836406283333333
2018-05-21T00:00:00Z,211C_211B,0.014041645833333338,0.45916979583333334
2018-05-22T00:00:00Z,211C_211B,0.015218754166666626,0.49856666541666667
2018-05-23T00:00:00Z,211C_211B,0.017460408333333326,0.8334568745833333
2018-05-24T00:00:00Z,211C_211B,0.01524556250000005,0.497915000625
2018-05-25T00:00:00Z,211C_211B,0.01338657916666656,0.17822668958333332
2018-05-26T00:00:00Z,211C_211B,0.014093712500000022,0.47680937291666664
2018-05-27T00:00:00Z,211C_211B,0.016156258333333267,0.4673645833333333
2018-05-28T00:00:00Z,211C_211B,0.012472549999999916,0.166416341125
2018-05-29T00:00:00Z,211C_211B,0.014362195833333313,0.4603437516666667
2018-05-30T00:00:00Z,211C_211B,0.014374158333333295,0.3217919066666667
2018-05-31T00:00:00Z,211C_211B,0.015270799999999918,0.4262031275
2018-06-01T00:00:00Z,211C_211B,0.017020854166666727,0.40087500666666664
2018-06-02T00:00:00Z,211C_211B,0.015177050000000025,0.4894145829166667
2018-06-03T00:00:00Z,211C_211B,0.01384823749999986,0.3870122991666667
2018-06-04T00:00:00Z,211C_211B,0.015501312500000012,0.3430644754166667
2018-06-05T00:00:00Z,211C_211B,0.015635408333333174,0.345465625
2018-06-06T00:00:00Z,211C_211B,0.013969112499999955,0.26916381041666665
2018-06-07T00:00:00Z,211C_211B,0.01426035000000018,0.2978885416666667
2018-06-08T00:00:00Z,211C_211B,0.016596329166666646,0.36608411458333334
2018-06-09T00:00:00Z,211C_211B,0.015027400000000135,0.3819833358333333
2018-06-10T00:00:00Z,211C_211B,0.0159478958333333,0.3278343775
2018-06-11T00:00:00Z,211C_211B,0.0152021458333332,0.29804041541666665
2018-06-12T00:00:00Z,211C_211B,0.015739608333333172,0.29255520916666666
2018-06-13T00:00:00Z,211C_211B,0.017162537500000075,0.26073836941666667
2018-06-14T00:00:00Z,211C_211B,0.01384376666666661,0.201617708675
2018-06-15T00:00:00Z,211C_211B,0.012145829166666696,0.27774635891666666
2018-06-16T00:00:00Z,211C_211B,0.012072920833333223,0.0977539175125
2018-06-17T00:00:00Z,211C_211B,0.0129687208333333,0.13035104185416665
2018-06-18T00:00:00Z,211C_211B,0.012885425000000042,0.18516041583333334
2018-06-19T00:00:00Z,211C_211B,0.013406204166666713,0.13750833291666667
2018-06-20T00:00:00Z,211C_211B,0.012149983333333206,0.1639121835
2018-06-21T00:00:00Z,211C_211B,0.016349770833333332,0.08045916791666667
2018-06-22T00:00:00Z,211C_211B,0.014304629166666824,4.6875e-5
2018-06-23T00:00:00Z,211C_211B,0.015864554166666805,0
2018-06-24T00:00:00Z,211C_211B,0.012281137499999928,0.058426042125
2018-06-25T00:00:00Z,211C_211B,0.011426662500000203,0.033816680791666665
2018-06-26T00:00:00Z,211C_211B,0.011749983333333436,0.014209375
2018-06-27T00:00:00Z,211C_211B,0.00979166666666668,0.0018791666666666666
2018-06-28T00:00:00Z,211C_211B,0.012555545833333367,0
2018-06-29T00:00:00Z,211C_211B,0.01305202916666659,0
2018-06-30T00:00:00Z,211C_211B,0.012791637499999897,0
2018-07-01T00:00:00Z,211C_211B,0.010477016666666525,0
2018-07-02T00:00:00Z,211C_211B,0.010385441666666698,4.166666666666667e-6
2018-07-03T00:00:00Z,211C_211B,0.013197945833333261,0
2018-07-04T00:00:00Z,211C_211B,0.014781216666666652,0
2018-07-05T00:00:00Z,211C_211B,0.015148595833333353,0
2018-07-06T00:00:00Z,211C_211B,0.013822875000000012,0
2018-07-07T00:00:00Z,211C_211B,0.01495837083333329,0
2018-07-08T00:00:00Z,211C_211B,0.014333412500000012,0
2018-07-09T00:00:00Z,211C_211B,0.01558330833333336,0
2018-07-10T00:00:00Z,211C_211B,0.017427137500000172,0
2018-07-11T00:00:00Z,211C_211B,0.01422919166666666,0
2018-07-12T00:00:00Z,211C_211B,0.012510412500000104,0
2018-07-13T00:00:00Z,211C_211B,0.013250016666666623,0
2018-07-14T00:00:00Z,211C_211B,0.012093025000000054,0
2018-07-15T00:00:00Z,211C_211B,0.012583337499999995,0
2018-07-16T00:00:00Z,211C_211B,0.014697937500000072,0
2018-07-17T00:00:00Z,211C_211B,0.017312512499999988,0
2018-07-18T00:00:00Z,211C_211B,0.013666691666666711,0.004389583333333333
2018-07-19T00:00:00Z,211C_211B,0.01246874166666656,0.04481041625
2018-07-20T00:00:00Z,211C_211B,0.013656270833333392,0
2018-07-21T00:00:00Z,211C_211B,0.014593708333333288,0
2018-07-22T00:00:00Z,211C_211B,0.014635399999999965,0
2018-07-23T00:00:00Z,211C_211B,0.015697974999999992,0
2018-07-24T00:00:00Z,211C_211B,0.014010454166666722,0
2018-07-25T00:00:00Z,211C_211B,0.01550003333333331,0
2018-07-26T00:00:00Z,211C_211B,0.015364608333333344,0
2018-07-27T00:00:00Z,211C_211B,0.014142670833333352,0
2018-07-28T00:00:00Z,211C_211B,0.01512502499999994,0
2018-07-29T00:00:00Z,211C_211B,0.015083266666666631,0
2018-07-30T00:00:00Z,211C_211B,0.016195912499999927,0
2018-07-31T00:00:00Z,211C_211B,0.017968737500000016,0
2018-08-01T00:00:00Z,211C_211B,0.017468720833333284,0
2018-08-02T00:00:00Z,211C_211B,0.01595832916666669,0
2018-08-03T00:00:00Z,211C_211B,0.016989620833333146,0
2018-08-04T00:00:00Z,211C_211B,0.017208325000000135,0
2018-08-05T00:00:00Z,211C_211B,0.016156254166666623,0
2018-08-06T00:00:00Z,211C_211B,0.015569108333333248,0
2018-08-07T00:00:00Z,211C_211B,0.016666516666666742,0
2018-08-08T00:00:00Z,211C_211B,0.01735419583333338,0
2018-08-09T00:00:00Z,211C_211B,0.018291695833333343,0.24854166666666666
2018-08-10T00:00:00Z,211C_211B,0.015623945833333264,0.013844791666666667
2018-08-11T00:00:00Z,211C_211B,0.016198712500000045,0.04766729208333333
2018-08-12T00:00:00Z,211C_211B,0.013811891666666742,0.13112278858333334
2018-08-13T00:00:00Z,211C_211B,0.013500216666666861,0.08905437625
2018-08-14T00:00:00Z,211C_211B,0.015041637500000057,0.19634687395833333
2018-08-15T00:00:00Z,211C_211B,0.01561622083333336,0.15503488041666666
2018-08-16T00:00:00Z,211C_211B,0.013628020833333365,0.07161022208333333
2018-08-17T00:00:00Z,211C_211B,0.015640737500000168,0.1938437645
2018-08-18T00:00:00Z,211C_211B,0.014943933333333326,0.07247468779166667
2018-08-19T00:00:00Z,211C_211B,0.01415861250000002,0.07021500154166667
2018-08-20T00:00:00Z,211C_211B,0.013958291666666733,0.049036458625
2018-08-21T00:00:00Z,211C_211B,0.014656383333333448,0.04231104191666667
2018-08-22T00:00:00Z,211C_211B,0.015811591666666753,0.07510622208333333
2018-08-23T00:00:00Z,211C_211B,0.015237533333333442,0.051134107
2018-08-24T00:00:00Z,211C_211B,0.014270770833333205,0.040738542
2018-08-25T00:00:00Z,211C_211B,0.015281237499999989,0.13858854358333333
2018-08-26T00:00:00Z,211C_211B,0.013666704166666599,0.25175312333333333
2018-08-27T00:00:00Z,211C_211B,0.014479083333333328,0.2022427075
2018-08-28T00:00:00Z,211C_211B,0.013391954166666683,0.14794208479166668
2018-08-29T00:00:00Z,211C_211B,0.014718683333333371,0.2920545825
2018-08-30T00:00:00Z,211C_211B,0.01672751250000004,0.4318308504166667
2018-08-31T00:00:00Z,211C_211B,0.015865391666666635,0.26764622541666666
2018-09-01T00:00:00Z,211C_211B,0.013693412500000038,0.2985567125
2018-09-02T00:00:00Z,211C_211B,0.014269166666666592,0.28042365166666666
2018-09-03T00:00:00Z,211C_211B,0.01363238333333335,0.22555826708333332
2018-09-04T00:00:00Z,211C_211B,0.012919699999999942,0.16118583375
2018-09-05T00:00:00Z,211C_211B,0.014282224999999907,0.27090742041666666
2018-09-06T00:00:00Z,211C_211B,0.5832474458333333,0
2018-09-07T00:00:00Z,211C_211B,1.42314425,0
2018-09-08T00:00:00Z,211C_211B,1.4144344958333335,0
2018-09-09T00:00:00Z,211C_211B,1.3813381416666668,0
2018-09-10T00:00:00Z,211C_211B,1.3384446416666669,0
2018-09-11T00:00:00Z,211C_211B,1.29505345,0
2018-09-12T00:00:00Z,211C_211B,1.2541301,0
2018-09-13T00:00:00Z,211C_211B,1.22893235,0
2018-09-14T00:00:00Z,211C_211B,1.1654875,0
2018-09-15T00:00:00Z,211C_211B,1.1387897875,0
2018-09-16T00:00:00Z,211C_211B,1.0829893583333334,0
2018-09-17T00:00:00Z,211C_211B,1.0403342916666667,0
2018-09-18T00:00:00Z,211C_211B,0.9968922833333334,0
2018-09-19T00:00:00Z,211C_211B,0.49268880416666666,0.05057916645833333
2018-09-20T00:00:00Z,211C_211B,0.0034971791666666605,0.11360989125
2018-09-21T00:00:00Z,211C_211B,0.0046014541666666115,0.16737669266666666
2018-09-22T00:00:00Z,211C_211B,0.00494292500000008,0.22171607666666665
2018-09-23T00:00:00Z,211C_211B,0.006048879166666447,0.40931376833333333
2018-09-24T00:00:00Z,211C_211B,0.004049091666666745,0.39914422591666665
2018-09-25T00:00:00Z,211C_211B,0.004104108333333412,0.2573101333125
2018-09-26T00:00:00Z,211C_211B,0.003052004166666844,0.25929896
2018-09-27T00:00:00Z,211C_211B,0.0047346541666665925,0.24587104041666666
2018-09-28T00:00:00Z,211C_211B,0.004288470833333317,0.28435937666666666
2018-09-29T00:00:00Z,211C_211B,0.0037498958333334054,0.26116458583333335
2018-09-30T00:00:00Z,211C_211B,0.003884891666666649,0.25183854375
2018-10-01T00:00:00Z,211C_211B,0.005114645833333135,0.2513520825
2018-10-02T00:00:00Z,211C_211B,0.004552120833333302,0.28283854458333335
2018-10-03T00:00:00Z,211C_211B,0.004893904166666648,0.2711611654166667
2018-10-04T00:00:00Z,211C_211B,0.0035703250000000595,0.30901773916666664
2018-10-05T00:00:00Z,211C_211B,0.0029792124999999947,0.2948395804166667
2018-10-06T00:00:00Z,211C_211B,0.004411704166666808,0.2805291741666667
2018-10-07T00:00:00Z,211C_211B,0.004669570833333266,0.25546543416666667
2018-10-08T00:00:00Z,211C_211B,0.0025000249999999427,0.20810728916666665
2018-10-09T00:00:00Z,211C_211B,0.004854166666666604,0.18812812333333334
2018-10-10T00:00:00Z,211C_211B,0.0036459208333335194,0.19158854166666667
2018-10-11T00:00:00Z,211C_211B,0.0034626249999999046,0.13713374958333333
2018-10-12T00:00:00Z,211C_211B,0.0018502541666667687,0.16272020666666667
2018-10-13T00:00:00Z,211C_211B,0.0030522416666666588,0.12436354145833334
2018-10-14T00:00:00Z,211C_211B,0.0031249791666666527,0.13359895541666666
2018-10-15T00:00:00Z,211C_211B,0.0030933333333333923,0.13332178666666666
2018-10-16T00:00:00Z,211C_211B,0.0019654458333333937,0.08299999958333333
2018-10-17T00:00:00Z,211C_211B,0.0038021124999999913,0.07349062495833333
2018-10-18T00:00:00Z,211C_211B,0.004104112499999905,0.114407291875
2018-10-19T00:00:00Z,211C_211B,0.003614479166666462,0.12223229166666667
2018-10-20T00:00:00Z,211C_211B,0.0031457416666664426,0.123524999375
2018-10-21T00:00:00Z,211C_211B,0.004843716666666646,0.12357604041666667
2018-10-22T00:00:00Z,211C_211B,0.004572850000000073,0.13669999958333334
2018-10-23T00:00:00Z,211C_211B,0.004645779166666715,0.12919895958333333
2018-10-24T00:00:00Z,211C_211B,0.00413540416666669,0.11238854154166666
2018-10-25T00:00:00Z,211C_211B,0.005937487500000005,0.16107083166666666
2018-10-26T00:00:00Z,211C_211B,0.005041729166666564,0.17100833458333334
2018-10-27T00:00:00Z,211C_211B,0.0052915791666665974,0.20977395625
2018-10-28T00:00:00Z,211C_211B,0.004510333333333209,0.22093333
2018-10-29T00:00:00Z,211C_211B,0.0037083208333333895,0.26221562375
2018-10-30T00:00:00Z,211C_211B,0.004374975000000021,0.3406447908333333
2018-10-31T00:00:00Z,211C_211B,0.0035936958333332805,0.4430062470833333
2018-11-01T00:00:00Z,211C_211B,0.0019374791666666447,0.29465833541666664
2018-11-02T00:00:00Z,211C_211B,0.002072874999999974,0.285647915
2018-11-03T00:00:00Z,211C_211B,0.003875016666666675,0.20876041666666667
2018-11-04T00:00:00Z,211C_211B,0.0030000333333333185,0.23853229208333332
2018-11-05T00:00:00Z,211C_211B,0.0014896083333334476,0.2373364575
2018-11-06T00:00:00Z,211C_211B,0.0030312083333334052,0.24414687458333334
2018-11-07T00:00:00Z,211C_211B,0.0019999499999999726,0.259114585
2018-11-08T00:00:00Z,211C_211B,0.0026041666666666665,0.25061354041666667
2018-11-09T00:00:00Z,211C_211B,0.002020787500000084,0.2753239591666667
2018-11-10T00:00:00Z,211C_211B,0.0014479458333332973,0.2731625008333333
2018-11-11T00:00:00Z,211C_211B,0.0013957916666666275,0.2910437545833333
2018-11-12T00:00:00Z,211C_211B,0.0024479374999999415,0.4376406320833333
2018-11-13T00:00:00Z,211C_211B,0.0028229083333335034,0.35507813
2018-11-14T00:00:00Z,211C_211B,0.002593641666666794,0.37500833499999997
2018-11-15T00:00:00Z,211C_211B,0.0022707916666666605,0.43408333541666666
2018-11-16T00:00:00Z,211C_211B,0.0021874833333334434,0.42294895833333335
2018-11-17T00:00:00Z,211C_211B,0.002031199999999863,0.41611250083333334
2018-11-18T00:00:00Z,211C_211B,0.0015416333333332737,0.42830000166666665
2018-11-19T00:00:00Z,211C_211B,0.0026041041666666023,0.46229270833333336
2018-11-20T00:00:00Z,211C_211B,8.8544583333335e-4,0.4368770895833333
2018-11-21T00:00:00Z,211C_211B,5.624624999999162e-4,0.41725937333333335
2018-11-22T00:00:00Z,211C_211B,8.853416666666872e-4,0.41770937416666665
2018-11-23T00:00:00Z,211C_211B,0.0011561750000001296,0.40104583916666664
2018-11-24T00:00:00Z,211C_211B,0.002187620833333459,0.3499239608333333
2018-11-25T00:00:00Z,211C_211B,0.001333374999999933,0.3544302125
2018-11-26T00:00:00Z,211C_211B,2.7082499999993753e-4,0.35419271
2018-11-27T00:00:00Z,211C_211B,0.002302033333333305,0.3084479145833333
2018-11-28T00:00:00Z,211C_211B,8.853916666666795e-4,0.34073020708333335
2018-11-29T00:00:00Z,211C_211B,5.208083333333077e-4,0.41351146083333334
2018-11-30T00:00:00Z,211C_211B,0.0017708625000000995,0.47434479166666665
2018-12-01T00:00:00Z,211C_211B,0.001489745833333278,0.48754479333333334
2018-12-02T00:00:00Z,211C_211B,0.0025417000000000542,0.71060937375
2018-12-03T00:00:00Z,211C_211B,0.004708312499999996,0.9259802029166666
2018-12-04T00:00:00Z,211C_211B,0.0028332999999999644,0.77101666625
2018-12-05T00:00:00Z,211C_211B,0.0020208333333332495,0.24056666622916667
2018-12-06T00:00:00Z,211C_211B,0.0016770916666665932,0.2789031275
2018-12-07T00:00:00Z,211C_211B,0.002677091666666631,0.3883333308333333
2018-12-08T00:00:00Z,211C_211B,0.004729145833333319,0.43669062708333334
2018-12-09T00:00:00Z,211C_211B,0.009364612500000055,0.8539427108333333
2018-12-10T00:00:00Z,211C_211B,0.0044792124999999405,0.591085415
2018-12-11T00:00:00Z,211C_211B,8.020958333333494e-4,0.5117739566666667
2018-12-12T00:00:00Z,211C_211B,9.062083333333248e-4,0.3917979195833333
2018-12-13T00:00:00Z,211C_211B,0.0025625250000002042,0.33953437833333333
2018-12-14T00:00:00Z,211C_211B,0.0029479333333333932,0.23818125125
2018-12-15T00:00:00Z,211C_211B,0.001989616666666638,0.23146354041666667
2018-12-16T00:00:00Z,211C_211B,0.002208395833333321,0.24471770666666667
2018-12-17T00:00:00Z,211C_211B,0.0015000041666666981,0.28101354125
2018-12-18T00:00:00Z,211C_211B,0.0013958083333333038,0.5483250066666667
2018-12-19T00:00:00Z,211C_211B,0.002416645833333342,0.40878854291666666
2018-12-20T00:00:00Z,211C_211B,0.0029583749999999576,0.38530938
2018-12-21T00:00:00Z,211C_211B,0.009239624999999899,0.71484270875
2018-12-22T00:00:00Z,211C_211B,0.009583275000000077,0.7766645775000001
2018-12-23T00:00:00Z,211C_211B,0.005114608333333289,0.7874926979166667
2018-12-24T00:00:00Z,211C_211B,0.00844788750000014,1.0450354325
2018-12-25T00:00:00Z,211C_211B,0.00649997083333335,0.7693229137500001
2018-12-26T00:00:00Z,211C_211B,0.006260454166666651,0.6671583308333333
2018-12-27T00:00:00Z,211C_211B,0.005333366666666654,0.6271989533333333
2018-12-28T00:00:00Z,211C_211B,0.003989583333333435,0.5054531191666667
2018-12-29T00:00:00Z,211C_211B,0.004312512500000125,0.4153854183333333
2018-12-30T00:00:00Z,211C_211B,0.003229195833333328,0.42020833333333335
2018-12-31T00:00:00Z,211C_211B,0.003249962499999944,0.46051771291666665
2019-01-01T00:00:00Z,211C_211B,0.005895912499999952,0.43202395916666664
2019-01-02T00:00:00Z,211C_211B,0.00394798333333346,0.40592395583333335
2019-01-03T00:00:00Z,211C_211B,0.0030000666666666342,0.3773729183333333
2019-01-04T00:00:00Z,211C_211B,0.003906249999999926,0.36828750666666665
2019-01-05T00:00:00Z,211C_211B,0.005562570833333262,0.35803646166666664
2019-01-06T00:00:00Z,211C_211B,0.004124870833333387,0.33094062583333334
2019-01-07T00:00:00Z,211C_211B,0.004885324999999978,0.3058541620833333
2019-01-08T00:00:00Z,211C_211B,0.008208333333333262,0.44238125
2019-01-09T00:00:00Z,211C_211B,0.004354216666666651,0.4818645925
2019-01-10T00:00:00Z,211C_211B,0.0029166916666666745,0.4335885391666667
2019-01-11T00:00:00Z,211C_211B,0.004656204166666604,0.40814479666666664
2019-01-12T00:00:00Z,211C_211B,0.006177058333333152,0.4776468758333333
2019-01-13T00:00:00Z,211C_211B,0.010614587500000069,0.8261520804166667
2019-01-14T00:00:00Z,211C_211B,0.010916616666666656,0.982129165
2019-01-15T00:00:00Z,211C_211B,0.007166608333333231,0.8429135370833333
2019-01-16T00:00:00Z,211C_211B,0.005708395833333306,0.7720947833333334
2019-01-17T00:00:00Z,211C_211B,0.008781225000000004,0.8876979208333333
2019-01-18T00:00:00Z,211C_211B,0.006343700000000026,0.84398228125
2019-01-19T00:00:00Z,211C_211B,0.004656287500000096,0.74251978875
2019-01-20T00:00:00Z,211C_211B,0.0034479666666664688,0.5840406241666667
2019-01-21T00:00:00Z,211C_211B,0.005187499999999863,0.6000927108333334
2019-01-22T00:00:00Z,211C_211B,0.008552024999999927,0.5764447833333334
2019-01-23T00:00:00Z,211C_211B,0.008020829166666688,0.431756245
2019-01-24T00:00:00Z,211C_211B,0.0022291874999999703,0.4147416641666667
2019-01-25T00:00:00Z,211C_211B,0.0022916999999999708,0.46296041916666664
2019-01-26T00:00:00Z,211C_211B,0.005281174999999953,0.64627188
2019-01-27T00:00:00Z,211C_211B,0.008531266666666556,0.8941104129166667
2019-01-28T00:00:00Z,211C_211B,0.010947895833333443,1.1432729316666665
2019-01-29T00:00:00Z,211C_211B,0.006989529166666693,0.9536614666666666
2019-01-30T00:00:00Z,211C_211B,0.006270825000000091,0.9823322958333334
2019-01-31T00:00:00Z,211C_211B,0.007677016666666685,0.6233416633333333
2019-02-01T00:00:00Z,211C_211B,0.006177049999999906,0.5037260380416666
2019-02-02T00:00:00Z,211C_211B,0.012968716666666769,1.0565989666666666
2019-02-03T00:00:00Z,211C_211B,0.01199997916666673,1.0434770870833334
2019-02-04T00:00:00Z,211C_211B,0.011666729166666704,0.88615
2019-02-05T00:00:00Z,211C_211B,0.008114629166666757,0.8093927133333333
2019-02-06T00:00:00Z,211C_211B,0.007823004166666777,0.7742874920833334
2019-02-07T00:00:00Z,211C_211B,0.015802074999999933,1.1815000029166667
2019-02-08T00:00:00Z,211C_211B,0.011843779166666532,0.99628333625
2019-02-09T00:00:00Z,211C_211B,0.01412504583333333,0.9626854208333333
2019-02-10T00:00:00Z,211C_211B,0.02359372083333333,1.4635593833333334
2019-02-11T00:00:00Z,211C_211B,0.03763540833333338,2.7495926958333334
2019-02-12T00:00:00Z,211C_211B,0.01595834583333333,1.179430225
2019-02-13T00:00:00Z,211C_211B,0.01121872500000006,0.9457020866666667
2019-02-14T00:00:00Z,211C_211B,0.008822854166666616,0.7778416679166666
2019-02-15T00:00:00Z,211C_211B,0.007822870833333365,0.6755656250000001
2019-02-16T00:00:00Z,211C_211B,0.007062566666666788,0.6357812495833334
2019-02-17T00:00:00Z,211C_211B,0.006135466666666645,0.5319427104166666
2019-02-18T00:00:00Z,211C_211B,0.005145804166666583,0.5230812483333334
2019-02-19T00:00:00Z,211C_211B,0.006552083333333199,0.40373854375
2019-02-20T00:00:00Z,211C_211B,0.005447816666666716,0.3508270830833333
2019-02-21T00:00:00Z,211C_211B,0.006218708333333156,0.35894270875
2019-02-22T00:00:00Z,211C_211B,0.004343679166666559,0.3276406275
2019-02-23T00:00:00Z,211C_211B,0.003458370833333261,0.3194104191666667
2019-02-24T00:00:00Z,211C_211B,0.0038750208333333904,0.2892645833333333
2019-02-25T00:00:00Z,211C_211B,0.004520824999999951,0.21006979258333333
2019-02-26T00:00:00Z,211C_211B,0.005562479166666671,0.39332083125
2019-02-27T00:00:00Z,211C_211B,0.006624962499999924,0.6448270845833334
2019-02-28T00:00:00Z,211C_211B,0.005479112499999957,0.7502885379166666
2019-03-01T00:00:00Z,211C_211B,0.005458324999999949,0.5978614537083333
2019-03-02T00:00:00Z,211C_211B,0.002697866666666641,0.297214586625
2019-03-03T00:00:00Z,211C_211B,0.002979158333333324,0.44287812583333336
2019-03-04T00:00:00Z,211C_211B,0.00703124166666665,0.5554145816666667
2019-03-05T00:00:00Z,211C_211B,0.004479133333333459,0.47543541666666667
2019-03-06T00:00:00Z,211C_211B,0.001145899999999996,0.39195624916666666
2019-03-07T00:00:00Z,211C_211B,0.005958275000000013,0.6298073029166666
2019-03-08T00:00:00Z,211C_211B,0.006447937499999982,0.6724885379166666
2019-03-09T00:00:00Z,211C_211B,0.007812441666666688,0.709723955
2019-03-10T00:00:00Z,211C_211B,0.013479087500000042,1.1574250004166666
2019-03-11T00:00:00Z,211C_211B,0.015791700000000002,1.1555125141666667
2019-03-12T00:00:00Z,211C_211B,0.006593729166666636,0.880122915
2019-03-13T00:00:00Z,211C_211B,0.009374954166666746,0.9300583316666666
2019-03-14T00:00:00Z,211C_211B,0.01706252500000005,1.4976562541666667
2019-03-15T00:00:00Z,211C_211B,0.015666687499999925,1.5504677291666666
2019-03-16T00:00:00Z,211C_211B,0.017020791666666885,1.7995656291666666
2019-03-17T00:00:00Z,211C_211B,0.017479179166666674,1.6063781291666666
2019-03-18T00:00:00Z,211C_211B,0.011260395833333344,1.2595270958333333
2019-03-19T00:00:00Z,211C_211B,0.007052087500000008,1.0071385445833334
2019-03-20T00:00:00Z,211C_211B,0.004802045833333213,0.8773635395833334
2019-03-21T00:00:00Z,211C_211B,0.006031199999999941,0.8403708404166667
2019-03-22T00:00:00Z,211C_211B,0.0055208125000000274,0.7561916633333333
2019-03-23T00:00:00Z,211C_211B,0.0035103958333334204,0.6167916641666666
2019-03-24T00:00:00Z,211C_211B,0.002833316666666715,0.391939585
2019-03-25T00:00:00Z,211C_211B,0.005750016666666746,0.4501760441666667
2019-03-26T00:00:00Z,211C_211B,0.003322891666666624,0.34255833458333335
2019-03-27T00:00:00Z,211C_211B,0.003187479166666618,0.3390489570833333
2019-03-28T00:00:00Z,211C_211B,0.0021457750000002385,0.38235000583333334
2019-03-29T00:00:00Z,211C_211B,0.0020937291666666877,0.2828104181666667
2019-03-30T00:00:00Z,211C_211B,8.437416666666012e-4,0.26121562541666665
2019-03-31T00:00:00Z,211C_211B,-0.0022604166666668015,0.268894795
2019-04-01T00:00:00Z,211C_211B,2.8122083333341025e-4,0.28837187404166664
2019-04-02T00:00:00Z,211C_211B,0.00157285000000007,0.0976260419125
2019-04-03T00:00:00Z,211C_211B,0.0016249624999999195,0.27453021
2019-04-04T00:00:00Z,211C_211B,0.003354120833333344,0.5305208375
2019-04-05T00:00:00Z,211C_211B,0.0026458041666666357,0.4585364633333333
2019-04-06T00:00:00Z,211C_211B,0.001979179166666678,0.4451270875
2019-04-07T00:00:00Z,211C_211B,0.0012292166666666808,0.3864791675
2019-04-08T00:00:00Z,211C_211B,0.003333333333333447,0.35027708625
2019-04-09T00:00:00Z,211C_211B,0.002697904166666709,0.38115000416666667
2019-04-10T00:00:00Z,211C_211B,0.0022292166666666078,0.3339802116666667
2019-04-11T00:00:00Z,211C_211B,0.002729137500000034,0.3536218783333333
2019-04-12T00:00:00Z,211C_211B,0.0018436874999999686,0.3549125008333333
2019-04-13T00:00:00Z,211C_211B,0.001885375000000152,0.3480781275
2019-04-14T00:00:00Z,211C_211B,0.0014166499999999822,0.34344479083333335
2019-04-15T00:00:00Z,211C_211B,0.0011666333333332595,0.19505416666666667
2019-04-16T00:00:00Z,211C_211B,8.958791666667428e-4,7.395833333333333e-5
2019-04-17T00:00:00Z,211C_211B,0.0027187208333335025,0.05193437529166667
2019-04-18T00:00:00Z,211C_211B,7.291458333332779e-4,0.048707292125
2019-04-19T00:00:00Z,211C_211B,0.0016666583333332745,0.036160416833333334
2019-04-20T00:00:00Z,211C_211B,6.875083333333457e-4,0.01729374996375
2019-04-21T00:00:00Z,211C_211B,-2.7075833333330596e-4,4.6875e-5
2019-04-22T00:00:00Z,211C_211B,9.378749999999769e-5,4.166666666666667e-6
2019-04-23T00:00:00Z,211C_211B,5.208333333334147e-4,0.0023593749995833332
2019-04-24T00:00:00Z,211C_211B,0.001437433333333386,0.0050614583066666665
2019-04-25T00:00:00Z,211C_211B,0.0018542624999999442,0.053793750083333335
2019-04-26T00:00:00Z,211C_211B,0.0015521291666666566,0.081650000625
2019-04-27T00:00:00Z,211C_211B,0.002093745833333253,0.03880312495833333
2019-04-28T00:00:00Z,211C_211B,0.002468766666666474,0.04184479233333333
2019-04-29T00:00:00Z,211C_211B,0.002020862499999961,0.032523958625
2019-04-30T00:00:00Z,211C_211B,0.002145975000000059,0.020332291708333332
2019-05-01T00:00:00Z,211C_211B,0.0030311958333334443,0.0300104165
2019-05-02T00:00:00Z,211C_211B,0.003385387499999911,0.03224479141666667
2019-05-03T00:00:00Z,211C_211B,0.003218716666666732,0.043717709083333334
2019-05-04T00:00:00Z,211C_211B,0.0030521416666665635,0.035578125333333335
2019-05-05T00:00:00Z,211C_211B,0.0024062291666667366,0.029386458125
2019-05-06T00:00:00Z,211C_211B,0.002062499999999893,0.025013541333333333
2019-05-07T00:00:00Z,211C_211B,9.271333333333853e-4,0.022119791666666666
2019-05-08T00:00:00Z,211C_211B,0.0015625374999999053,0.032689583291666664
2019-05-09T00:00:00Z,211C_211B,0.002166666666666576,0.0597052085
2019-05-10T00:00:00Z,211C_211B,0.001822891666666678,0.051231250375
2019-05-11T00:00:00Z,211C_211B,0.0017916708333334623,0.017077083583333333
2019-05-12T00:00:00Z,211C_211B,0.001364633333333291,0
2019-05-13T00:00:00Z,211C_211B,0.0015104208333333036,0
2019-05-14T00:00:00Z,211C_211B,0.0023333458333333335,0
2019-05-15T00:00:00Z,211C_211B,0.001875045833333348,0.024633333320833332
2019-05-16T00:00:00Z,211C_211B,0.0034687791666665837,0.07180833387499999
2019-05-17T00:00:00Z,211C_211B,0.0031874249999999105,0.08453125108333333
2019-05-18T00:00:00Z,211C_211B,0.0037811458333332957,0.07004375133333333
2019-05-19T00:00:00Z,211C_211B,0.0031250624999999608,0.13889687495833333
2019-05-20T00:00:00Z,211C_211B,0.004489624999999942,0.16629062458333332
2019-05-21T00:00:00Z,211C_211B,0.004229174999999974,0.02373124975
2019-05-22T00:00:00Z,211C_211B,0.0030624749999999348,0.10767812454166667
2019-05-23T00:00:00Z,211C_211B,0.002374987499999944,0.07303333375
2019-05-24T00:00:00Z,211C_211B,0.003104075000000021,0.034808333375
2019-05-25T00:00:00Z,211C_211B,0.0037916666666668597,0.0018322916416666666
2019-05-26T00:00:00Z,211C_211B,0.004031249999999931,0.034170833458333334
2019-05-27T00:00:00Z,211C_211B,0.003510474999999976,0.09412187516666666
2019-05-28T00:00:00Z,211C_211B,0.004354166666666622,0.18159479083333332
2019-05-29T00:00:00Z,211C_211B,0.003916645833333325,0.09425312370833333
2019-05-30T00:00:00Z,211C_211B,0.0034062791666665815,0.06504375075
2019-05-31T00:00:00Z,211C_211B,0.002822949999999954,0.0424531255
2019-06-01T00:00:00Z,211C_211B,0.0013645333333333436,0
2019-06-02T00:00:00Z,211C_211B,9.896541666666685e-4,0
2019-06-03T00:00:00Z,211C_211B,9.374333333332929e-4,0
2019-06-04T00:00:00Z,211C_211B,0.001531274999999906,0.0041427085
2019-06-05T00:00:00Z,211C_211B,0.004812454166666609,0.17488020991666667
2019-06-06T00:00:00Z,211C_211B,0.006864599999999925,0.37102916504166666
2019-06-07T00:00:00Z,211C_211B,0.0029687999999998085,0.06755208379166666
2019-06-08T00:00:00Z,211C_211B,0.0037812333333332817,0.056613541791666666
2019-06-09T00:00:00Z,211C_211B,0.0023437124999999095,0.19525000020833333
2019-06-10T00:00:00Z,211C_211B,0.0013332999999999817,0.004877083504166667
2019-06-11T00:00:00Z,211C_211B,0.004937554166666598,0.04379270889583333
2019-06-12T00:00:00Z,211C_211B,0.006052062500000084,0.241542709625
2019-06-13T00:00:00Z,211C_211B,0.003208354166666686,0.13097083295833334
2019-06-14T00:00:00Z,211C_211B,0.00301049999999999,0.14403021041666667
2019-06-15T00:00:00Z,211C_211B,0.003760433333333313,0.23773124916666666
2019-06-16T00:00:00Z,211C_211B,0.0023229458333332564,0.1142802095
2019-06-17T00:00:00Z,211C_211B,0.0019270749999997783,0.07869270866666667
2019-06-18T00:00:00Z,211C_211B,0.0030728666666666182,0.14956250025
2019-06-19T00:00:00Z,211C_211B,0.002093720833333257,0.07643645820833334
2019-06-20T00:00:00Z,211C_211B,0.0042917374999998925,0.05680312520833333
2019-06-21T00:00:00Z,211C_211B,0.0045209583333333985,0.06967916820833334
2019-06-22T00:00:00Z,211C_211B,0.001916754166666886,0.059531251041666663
2019-06-23T00:00:00Z,211C_211B,0.0012083291666666145,0.03639375016666667
2019-06-24T00:00:00Z,211C_211B,-6.246250000008224e-5,0.008797916458333334
2019-06-25T00:00:00Z,211C_211B,4.79212500000048e-4,0
2019-06-26T00:00:00Z,211C_211B,0.002979166666666755,0
2019-06-27T00:00:00Z,211C_211B,0.0016041666666666659,0
2019-06-28T00:00:00Z,211C_211B,0.00399994583333337,0
2019-06-29T00:00:00Z,211C_211B,0.002489566666666665,0
2019-06-30T00:00:00Z,211C_211B,0.005354166666666808,0
2019-07-01T00:00:00Z,211C_211B,0.006812458333333364,0
2019-07-02T00:00:00Z,211C_211B,0.0051041708333333284,0
2019-07-03T00:00:00Z,211C_211B,0.005187445833333415,0
2019-07-04T00:00:00Z,211C_211B,0.0040207875000001225,0
2019-07-05T00:00:00Z,211C_211B,0.0061145458333333,0
2019-07-06T00:00:00Z,211C_211B,0.005718837500000018,0.0011322916666666666
2019-07-07T00:00:00Z,211C_211B,0.0036562124999998113,0.12374062479166667
2019-07-08T00:00:00Z,211C_211B,0.003520779166666599,0.12137395608333333
2019-07-09T00:00:00Z,211C_211B,0.003104170833333327,0.17790520666666668
2019-07-10T00:00:00Z,211C_211B,0.003635337500000002,0.10381145745833334
2019-07-11T00:00:00Z,211C_211B,0.03234709583333332,0.057759375
2019-07-12T00:00:00Z,211C_211B,0.19167175833333336,0
2019-07-13T00:00:00Z,211C_211B,0.01499325833333339,0.10344791833333333
2019-07-14T00:00:00Z,211C_211B,0.0019670291666666895,0.25329166583333335
2019-07-15T00:00:00Z,211C_211B,0.014973049999999932,0.12916250058333334
2019-07-16T00:00:00Z,211C_211B,0.003072387500000051,0.08718125
2019-07-17T00:00:00Z,211C_211B,-0.044929804166666476,0.15924166602916667
2019-07-18T00:00:00Z,211C_211B,-0.06982821250000004,0.04157604175
2019-07-19T00:00:00Z,211C_211B,-0.07564301250000012,0.0017322916566666667
2019-07-20T00:00:00Z,211C_211B,-0.09841612499999992,0.0050614583375
2019-07-21T00:00:00Z,211C_211B,-0.1155434875000001,0.007178124949583333
2019-07-22T00:00:00Z,211C_211B,-0.048368725000000036,2.0833333333333336e-5
2019-07-23T00:00:00Z,211C_211B,0.1957227041666666,0
2019-07-24T00:00:00Z,211C_211B,0.17397036666666674,0
2019-07-25T00:00:00Z,211C_211B,0.21869719999999995,0
2019-07-26T00:00:00Z,211C_211B,0.21039275416666672,0
2019-07-27T00:00:00Z,211C_211B,0.10278626249999996,0
2019-07-28T00:00:00Z,211C_211B,0.02976310416666661,0
2019-07-29T00:00:00Z,211C_211B,-0.20347879999999993,0.00860104175
2019-07-30T00:00:00Z,211C_211B,-0.056095691666666614,0
2019-07-31T00:00:00Z,211C_211B,0.0014038916666665828,0
2019-08-01T00:00:00Z,211C_211B,-4.999916666666623e-4,0
2019-08-02T00:00:00Z,211C_211B,0.0015104833333333307,0
2019-08-03T00:00:00Z,211C_211B,-5.416791666666606e-4,0
2019-08-04T00:00:00Z,211C_211B,-0.07810956666666673,0.008656249958333334
2019-08-05T00:00:00Z,211C_211B,-0.14567484583333326,0.03894479229166667
2019-08-06T00:00:00Z,211C_211B,-0.06195916666666675,0
2019-08-07T00:00:00Z,211C_211B,-0.007285133333333138,0
2019-08-08T00:00:00Z,211C_211B,-0.0039056083333333103,0
2019-08-09T00:00:00Z,211C_211B,-0.06985862916666663,0.0159083335
2019-08-10T00:00:00Z,211C_211B,-0.2027335749999999,0.05761354204166667
2019-08-11T00:00:00Z,211C_211B,-0.17540036250000002,0.07208125079166666
2019-08-12T00:00:00Z,211C_211B,-0.1401710958333334,0.06189583358333333
2019-08-13T00:00:00Z,211C_211B,-0.10712949166666663,0.052573958416666663
2019-08-14T00:00:00Z,211C_211B,-0.08787944583333329,0.09961458349999999
2019-08-15T00:00:00Z,211C_211B,-0.06088996249999997,0.15769374983333334
2019-08-16T00:00:00Z,211C_211B,-0.011392870833333254,0.2062104175
2019-08-17T00:00:00Z,211C_211B,0.002562499999999875,0.004101041625
2019-08-18T00:00:00Z,211C_211B,0.004656258333333237,0.130423958375
2019-08-19T00:00:00Z,211C_211B,0.004645908333333264,0.08606249975000001
2019-08-20T00:00:00Z,211C_211B,0.06712099166666674,0.007501041708333333
2019-08-21T00:00:00Z,211C_211B,0.24488071249999996,0
2019-08-22T00:00:00Z,211C_211B,0.03733873750000009,0.035921875166666666
2019-08-23T00:00:00Z,211C_211B,-0.004130308333333388,0.019196875208333332
2019-08-24T00:00:00Z,211C_211B,0.005723579166666659,0.0058614582916666665
2019-08-25T00:00:00Z,211C_211B,-0.019495408333333186,0.06207395879166667
2019-08-26T00:00:00Z,211C_211B,-0.01350613750000007,0.06566770849166667
2019-08-27T00:00:00Z,211C_211B,7.643791666666807e-4,0.0311499999625
2019-08-28T00:00:00Z,211C_211B,-0.005704600000000022,0.056239584083333335
2019-08-29T00:00:00Z,211C_211B,-0.005402787500000191,0.3165197955833333
2019-08-30T00:00:00Z,211C_211B,0.026982316666666655,0.13454479083333334
2019-08-31T00:00:00Z,211C_211B,0.020732037500000005,0.05547916666666667
2019-09-01T00:00:00Z,211C_211B,0.0045837291666666795,0.13722708479166668
2019-09-02T00:00:00Z,211C_211B,0.008395808333333421,0.13592083583333334
2019-09-03T00:00:00Z,211C_211B,0.007124974999999978,0.103789582875
2019-09-04T00:00:00Z,211C_211B,0.001506783333333243,0.1131395825
2019-09-05T00:00:00Z,211C_211B,-7.46125000000708e-5,0.25966250125
2019-09-06T00:00:00Z,211C_211B,0.006708295833333396,0.16747916708333332
2019-09-07T00:00:00Z,211C_211B,0.007781291666666561,0.20310729208333334
2019-09-08T00:00:00Z,211C_211B,0.009458283333333354,0.22784999958333332
2019-09-09T00:00:00Z,211C_211B,0.008187537499999972,0.32378750166666664
2019-09-10T00:00:00Z,211C_211B,0.007843783333333354,0.2556125008333333
2019-09-11T00:00:00Z,211C_211B,0.004083412499999957,0.17882812583333332
2019-09-12T00:00:00Z,211C_211B,0.005843779166666785,0.14535833266666667
2019-09-13T00:00:00Z,211C_211B,0.005937520833333358,0.12768333333333334
2019-09-14T00:00:00Z,211C_211B,0.0033645833333334485,0.0985031245625
2019-09-15T00:00:00Z,211C_211B,0.00523961666666654,0.12799166541666668
2019-09-16T00:00:00Z,211C_211B,0.005041687500000003,0.12454895741666666
2019-09-17T00:00:00Z,211C_211B,0.004218783333333402,0.06329062510833333
2019-09-18T00:00:00Z,211C_211B,0.005145816666666765,0.07489687508333334
2019-09-19T00:00:00Z,211C_211B,0.005541612500000033,0.153016668875
2019-09-20T00:00:00Z,211C_211B,0.005906233333333288,0.20945208333333334
2019-09-21T00:00:00Z,211C_211B,0.0049166291666667234,0.19362083375
2019-09-22T00:00:00Z,211C_211B,0.004166745833333245,0.1973135425
2019-09-23T00:00:00Z,211C_211B,0.003145858333333288,0.10381979125
2019-09-24T00:00:00Z,211C_211B,0.0038020666666665295,0.077689583125
2019-09-25T00:00:00Z,211C_211B,0.004104166666666724,0.22864062541666666
2019-09-26T00:00:00Z,211C_211B,0.00491660416666669,0.23470208333333334
2019-09-27T00:00:00Z,211C_211B,0.005291608333333271,0.4323322941666667
2019-09-28T00:00:00Z,211C_211B,0.004156270833333327,0.3092843779166667
2019-09-29T00:00:00Z,211C_211B,0.004781220833333359,0.371365625
2019-09-30T00:00:00Z,211C_211B,0.009958333333333328,0.5168572941666667
2019-10-01T00:00:00Z,211C_211B,0.013093733333333413,0.7438114541666667
2019-10-02T00:00:00Z,211C_211B,0.011406254166666518,0.66505
2019-10-03T00:00:00Z,211C_211B,0.006197929166666616,0.45640000166666667
2019-10-04T00:00:00Z,211C_211B,0.007937541666666714,0.586369785
2019-10-05T00:00:00Z,211C_211B,0.007833308333333214,0.5669906275
2019-10-06T00:00:00Z,211C_211B,0.009562549999999984,0.70303541375
2019-10-07T00:00:00Z,211C_211B,0.014052058333333376,0.8605874929166667
2019-10-08T00:00:00Z,211C_211B,0.01396864999999999,0.81076875
2019-10-09T00:00:00Z,211C_211B,0.011354129166666818,0.79616562625
2019-10-10T00:00:00Z,211C_211B,0.014739475000000021,0.6692760429166666
2019-10-11T00:00:00Z,211C_211B,0.01327092083333344,0.6025437404166667
2019-10-12T00:00:00Z,211C_211B,0.012041637500000016,0.6133104079166667
2019-10-13T00:00:00Z,211C_211B,0.011833316666666724,0.53256874
2019-10-14T00:00:00Z,211C_211B,0.012812354166666817,0.6125385358333333
2019-10-15T00:00:00Z,211C_211B,0.012062499999999901,0.5710385408333333
2019-10-16T00:00:00Z,211C_211B,0.012708308333333362,0.5582468695833334
2019-10-17T00:00:00Z,211C_211B,0.015427091666666707,0.7289197920833334
2019-10-18T00:00:00Z,211C_211B,0.011823000000000103,0.7193802095833333
2019-10-19T00:00:00Z,211C_211B,0.010270916666666574,0.7204635416666667
2019-10-20T00:00:00Z,211C_211B,0.009229120833333418,0.7144416629166667
2019-10-21T00:00:00Z,211C_211B,0.013947999999999924,0.7996489625000001
2019-10-22T00:00:00Z,211C_211B,0.012041737500000002,0.747836455
2019-10-23T00:00:00Z,211C_211B,0.017994187500000074,0.76237396
2019-10-24T00:00:00Z,211C_211B,0.0253190083333333,0.68354375125
2019-10-25T00:00:00Z,211C_211B,0.025195066666666672,0.55951040625
2019-10-26T00:00:00Z,211C_211B,0.023529158333333317,0.5173874983333333
2019-10-27T00:00:00Z,211C_211B,0.007894545833333341,0.5545406091666667
2019-10-28T00:00:00Z,211C_211B,0.007239208333333247,0.53682915625
2019-10-29T00:00:00Z,211C_211B,0.007615174999999974,0.5112083374999999
2019-10-30T00:00:00Z,211C_211B,0.007010733333333241,0.49674792333333334
2019-10-31T00:00:00Z,211C_211B,0.007885487499999991,0.4912041733333333
2019-11-01T00:00:00Z,211C_211B,0.006645816666666526,0.51645729125
2019-11-02T00:00:00Z,211C_211B,0.007093750000000121,0.6442249895833333
2019-11-03T00:00:00Z,211C_211B,0.006760379166666645,0.6158864395833333
2019-11-04T00:00:00Z,211C_211B,0.006564854166666782,0.6668989583333333
2019-11-05T00:00:00Z,211C_211B,0.0032793916666666125,0.6710458325
2019-11-06T00:00:00Z,211C_211B,-3.2197916666676374e-4,0.67586668
2019-11-07T00:00:00Z,211C_211B,-0.00547542916666673,0.7155197954166667
2019-11-08T00:00:00Z,211C_211B,0.00414199166666666,0.715345835
2019-11-09T00:00:00Z,211C_211B,0.00891002083333344,0.6614895875
2019-11-10T00:00:00Z,211C_211B,0.007864645833333387,0.6223249945833333
2019-11-11T00:00:00Z,211C_211B,0.006677058333333282,0.6840604175
2019-11-12T00:00:00Z,211C_211B,0.009281245833333266,0.6717697966666667
2019-11-13T00:00:00Z,211C_211B,0.005177075000000124,0.69654375875
2019-11-14T00:00:00Z,211C_211B,-0.0032321083333333536,0.7779145804166666
2019-11-15T00:00:00Z,211C_211B,0.0021425791666665286,0.7306135425
2019-11-16T00:00:00Z,211C_211B,0.006881937500000028,0.68855937625
2019-11-17T00:00:00Z,211C_211B,0.012527675000000035,0.621270825
2019-11-18T00:00:00Z,211C_211B,-0.010837258333333414,0.8359197866666667
2019-11-19T00:00:00Z,211C_211B,-0.007837525000000086,1.0442656275
2019-11-20T00:00:00Z,211C_211B,0.010839279166666715,0.8873916675
2019-11-21T00:00:00Z,211C_211B,-7.443125000000661e-4,0.9801083379166666
2019-11-22T00:00:00Z,211C_211B,0.014745087500000068,0.8001354154166667
2019-11-23T00:00:00Z,211C_211B,0.012828170833333208,0.79948437875
2019-11-24T00:00:00Z,211C_211B,0.012525762499999963,0.7520833320833333
2019-11-25T00:00:00Z,211C_211B,-5.754166666667912e-6,0.6765416716666667
2019-11-26T00:00:00Z,211C_211B,-0.003349700000000159,0.7015666683333334
2019-11-27T00:00:00Z,211C_211B,-0.0027145541666666975,0.9143739545833334
2019-11-28T00:00:00Z,211C_211B,-0.002808579166666658,1.1076281304166666
2019-11-29T00:00:00Z,211C_211B,-0.0014962458333332613,1.2168156374999999
2019-11-30T00:00:00Z,211C_211B,0.014753458333333302,0.9660531283333333
2019-12-01T00:00:00Z,211C_211B,0.004721862499999914,0.9502020775
2019-12-02T00:00:00Z,211C_211B,0.008582212500000094,0.8915270825
2019-12-03T00:00:00Z,211C_211B,0.009071862499999916,0.8511677016666667
2019-12-04T00:00:00Z,211C_211B,0.00847308750000005,0.843741665
2019-12-05T00:00:00Z,211C_211B,0.0018596999999999457,0.6834020841666667
2019-12-06T00:00:00Z,211C_211B,-0.008264108333333242,0.7330322883333333
2019-12-07T00:00:00Z,211C_211B,-0.008992000000000075,0.9933572958333333
2019-12-08T00:00:00Z,211C_211B,3.840666666666455e-4,0.9296552016666667
2019-12-09T00:00:00Z,211C_211B,-0.009739720833333335,1.08733957375
2019-12-10T00:00:00Z,211C_211B,-1.8644999999987513e-4,0.9372260433333334
2019-12-11T00:00:00Z,211C_211B,-0.017039337499999935,1.0372052179166666
2019-12-12T00:00:00Z,211C_211B,-0.004548558333333452,1.0189572958333333
2019-12-13T00:00:00Z,211C_211B,-0.013589037499999956,1.2045729333333333
2019-12-14T00:00:00Z,211C_211B,-0.008806708333333413,1.5385635500000001
2019-12-15T00:00:00Z,211C_211B,-0.0025450625000000837,1.4771531458333333
2019-12-16T00:00:00Z,211C_211B,-7.105958333332533e-4,1.24457396125
2019-12-17T00:00:00Z,211C_211B,-0.018969749999999858,1.196232275
2019-12-18T00:00:00Z,211C_211B,-0.017124766666666662,1.1798375041666667
2019-12-19T00:00:00Z,211C_211B,-0.013894533333333422,1.116786455
2019-12-20T00:00:00Z,211C_211B,0.006929624999999866,1.0769885458333333
2019-12-21T00:00:00Z,211C_211B,0.006368283333333428,1.0621489520833334
2019-12-22T00:00:00Z,211C_211B,-0.008067954166666539,1.2131666625
2019-12-23T00:00:00Z,211C_211B,-0.0024834125000000964,1.4428062583333334
2019-12-24T00:00:00Z,211C_211B,-0.008482220833333312,0.93782499875
2019-12-25T00:00:00Z,211C_211B,-0.003460245833333412,0.9731322870833333
2019-12-26T00:00:00Z,211C_211B,0.003186833333333398,0.8848614583333333
2019-12-27T00:00:00Z,211C_211B,-0.008322450000000018,0.9678697891666667
2019-12-28T00:00:00Z,211C_211B,0.002147529166666643,0.8222166683333333
2019-12-29T00:00:00Z,211C_211B,-0.002340912500000162,0.7051843708333333
2019-12-30T00:00:00Z,211C_211B,-0.017870866666666634,0.6832052145833334
2019-12-31T00:00:00Z,211C_211B,-0.010796920833333279,0.62145833083333335
2020-01-01T00:00:00Z,211C_211B,-0.006566504166666746,0.5876187495833334
2020-01-02T00:00:00Z,211C_211B,-0.002054929166666756,0.5478791658333333
2020-01-03T00:00:00Z,211C_211B,-6.785958333334063e-4,0.5303916708333333
2020-01-04T00:00:00Z,211C_211B,-0.005083645833333243,0.569664575
2020-01-05T00:00:00Z,211C_211B,-0.0010095624999999868,0.5354885341666666
2020-01-06T00:00:00Z,211C_211B,-0.0019355208333333336,0.5574406304166667
2020-01-07T00:00:00Z,211C_211B,0.004117683333333473,0.9188791629166666
2020-01-08T00:00:00Z,211C_211B,0.004702295833333296,0.8831072908333333
2020-01-09T00:00:00Z,211C_211B,-0.004546512500000081,0.9742718691666666
2020-01-10T00:00:00Z,211C_211B,-0.004118208333333391,0.8979385479166666
2020-01-11T00:00:00Z,211C_211B,-0.00790882083333333,0.5941906133333333
2020-01-12T00:00:00Z,211C_211B,-0.0036368249999999547,0.5552947804166667
2020-01-13T00:00:00Z,211C_211B,-0.016489695833333335,0.6645697966666667
2020-01-14T00:00:00Z,211C_211B,-0.011467566666666706,0.7006541745833333
2020-01-15T00:00:00Z,211C_211B,-0.0017789583333333396,0.6366958316666667
2020-01-16T00:00:00Z,211C_211B,0.0034618458333332733,0.5955083229166667
2020-01-17T00:00:00Z,211C_211B,0.002806795833333283,0.5289333266666667
2020-01-18T00:00:00Z,211C_211B,-0.009264954166666653,0.49474895916666667
2020-01-19T00:00:00Z,211C_211B,-0.005399312500000179,0.46397917625
2020-01-20T00:00:00Z,211C_211B,-0.0038667291666668233,0.37983958875
2020-01-21T00:00:00Z,211C_211B,-0.004448837499999951,0.4090468741666667
2020-01-22T00:00:00Z,211C_211B,-4.997000000000288e-4,0.38483333833333333
2020-01-23T00:00:00Z,211C_211B,0.0017220291666667127,0.36054583583333333
2020-01-24T00:00:00Z,211C_211B,0.0051250999999999935,0.358735415
2020-01-25T00:00:00Z,211C_211B,0.0037917791666668053,0.34473229333333333
2020-01-26T00:00:00Z,211C_211B,0.0038957833333333283,0.31402916291666666
2020-01-27T00:00:00Z,211C_211B,0.0048541375000000775,0.35799479125
2020-01-28T00:00:00Z,211C_211B,0.007999983333333294,0.5651624995833333
2020-01-29T00:00:00Z,211C_211B,0.007750016666666637,0.5045322966666667
2020-01-30T00:00:00Z,211C_211B,0.0059896541666665986,0.46752395916666667
2020-01-31T00:00:00Z,211C_211B,0.007499958333333316,0.47374479333333336
2020-02-01T00:00:00Z,211C_211B,0.007937508333333251,0.48260312666666666
2020-02-02T00:00:00Z,211C_211B,0.008604150000000144,0.5893010420833333
2020-02-03T00:00:00Z,211C_211B,0.010187533333333406,0.5934624920833333
2020-02-04T00:00:00Z,211C_211B,0.011479150000000105,0.91615104125
2020-02-05T00:00:00Z,211C_211B,0.01008334166666669,0.9170958316666666
2020-02-06T00:00:00Z,211C_211B,0.004447891666666592,0.7467541745833334
2020-02-07T00:00:00Z,211C_211B,0.00434369999999995,0.5627645866666667
2020-02-08T00:00:00Z,211C_211B,0.0036042041666666247,0.47150520375
2020-02-09T00:00:00Z,211C_211B,0.006791612499999859,0.5147177054166667
2020-02-10T00:00:00Z,211C_211B,0.02251037916666654,1.2942499958333333
2020-02-11T00:00:00Z,211C_211B,0.017614558333333363,1.0275750166666666
2020-02-12T00:00:00Z,211C_211B,0.011937533333333509,0.9470833320833333
2020-02-13T00:00:00Z,211C_211B,0.009979099999999871,1.16176354
2020-02-14T00:00:00Z,211C_211B,0.012239570833333305,1.2835687541666667
2020-02-15T00:00:00Z,211C_211B,0.009916612499999977,1.0386614666666667
2020-02-16T00:00:00Z,211C_211B,0.012999945833333268,0.9767239629166666
2020-02-17T00:00:00Z,211C_211B,0.015281237500000025,1.375029175
2020-02-18T00:00:00Z,211C_211B,0.011927029166666695,1.0840020708333333
2020-02-19T00:00:00Z,211C_211B,0.023156166666666606,1.6791062416666667
2020-02-20T00:00:00Z,211C_211B,0.013145762499999991,1.2795593791666666
2020-02-21T00:00:00Z,211C_211B,0.013604116666666721,1.33386145
2020-02-22T00:00:00Z,211C_211B,0.013614570833333358,1.00054583875
2020-02-23T00:00:00Z,211C_211B,0.049781295833333204,4.421020820833333
2020-02-24T00:00:00Z,211C_211B,0.03247920416666661,7.6233459041666665
2020-02-25T00:00:00Z,211C_211B,0.04882297500000007,5.3866291375
2020-02-26T00:00:00Z,211C_211B,0.05348958333333328,5.161436475
2020-02-27T00:00:00Z,211C_211B,0.047208329166666806,6.993595841666667
2020-02-28T00:00:00Z,211C_211B,0.045322887500000054,6.50153545
2020-02-29T00:00:00Z,211C_211B,0.05429165000000006,6.578310416666667
2020-03-01T00:00:00Z,211C_211B,0.04999997499999994,3.9987843791666666
2020-03-02T00:00:00Z,211C_211B,0.03298957083333335,1.8532552125
2020-03-03T00:00:00Z,211C_211B,0.03711452499999982,1.9895874916666667
2020-03-04T00:00:00Z,211C_211B,0.025708349999999935,1.6099270833333332
2020-03-05T00:00:00Z,211C_211B,0.02549997499999986,1.6434947958333332
2020-03-06T00:00:00Z,211C_211B,0.05166666666666656,6.2231302375
2020-03-07T00:00:00Z,211C_211B,0.04755204583333339,3.2666406375
2020-03-08T00:00:00Z,211C_211B,0.027416645833333364,1.6266322916666667
2020-03-09T00:00:00Z,211C_211B,0.0312812375,1.7094687583333332
2020-03-10T00:00:00Z,211C_211B,0.054458274999999966,3.490997908333333
2020-03-11T00:00:00Z,211C_211B,0.06577085000000009,7.9031104
2020-03-12T00:00:00Z,211C_211B,0.05437503333333334,7.386838525
2020-03-13T00:00:00Z,211C_211B,0.05893749166666662,3.5073344041666665
2020-03-14T00:00:00Z,211C_211B,0.0314166708333334,1.8101510416666666
2020-03-15T00:00:00Z,211C_211B,0.022572937499999852,1.5016510583333333
2020-03-16T00:00:00Z,211C_211B,0.015614504166666618,1.1074708358333334
2020-03-17T00:00:00Z,211C_211B,0.01260412916666668,1.0637656258333335
2020-03-18T00:00:00Z,211C_211B,0.010531262499999916,0.9074885458333334
2020-03-19T00:00:00Z,211C_211B,0.009520708333333183,0.86593333375
2020-03-20T00:00:00Z,211C_211B,0.009124920833333161,0.7979541654166666
2020-03-21T00:00:00Z,211C_211B,0.006114554166666693,0.7475677120833333
2020-03-22T00:00:00Z,211C_211B,0.0035312125000001027,0.5955885470833333
2020-03-23T00:00:00Z,211C_211B,0.003781316666666812,0.5536229129166667
2020-03-24T00:00:00Z,211C_211B,0.0036770833333333863,0.46800729166666666
2020-03-25T00:00:00Z,211C_211B,0.006447941666666623,0.65949167
2020-03-26T00:00:00Z,211C_211B,0.007322958333333259,0.7829072925
2020-03-27T00:00:00Z,211C_211B,0.006052104166666535,0.5110093691666666
2020-03-28T00:00:00Z,211C_211B,0.004166641666666693,0.6273906258333333
2020-03-29T00:00:00Z,211C_211B,0.003281195833333269,0.5422677083333334
2020-03-30T00:00:00Z,211C_211B,0.0026561958333332822,0.19569166666666665
2020-03-31T00:00:00Z,211C_211B,0.001333304166666771,0.1929322925
2020-04-01T00:00:00Z,211C_211B,0.0015416666666665524,0.15377291791666667
2020-04-02T00:00:00Z,211C_211B,0.0017188125000000183,0.10699479343333333
2020-04-03T00:00:00Z,211C_211B,0.003270795833333451,0.29627396
2020-04-04T00:00:00Z,211C_211B,0.001979141666666647,0.37189167208333335
2020-04-05T00:00:00Z,211C_211B,0.0016041291666665236,0.4657239604166667
2020-04-06T00:00:00Z,211C_211B,0.002645862499999837,0.5435729180833333
2020-04-07T00:00:00Z,211C_211B,0.002864575000000036,0.5391520829166667
2020-04-08T00:00:00Z,211C_211B,0.0032082875000000546,0.33140728870833336
2020-04-09T00:00:00Z,211C_211B,0.0021250250000000026,0.42516458583333333
2020-04-10T00:00:00Z,211C_211B,0.0026249499999999593,0.4657104183333333
2020-04-11T00:00:00Z,211C_211B,0.002062604166666778,0.4318520875
2020-04-12T00:00:00Z,211C_211B,0.0038333958333333453,0.42280312541666665
2020-04-13T00:00:00Z,211C_211B,0.003499983333333234,0.4374916675
2020-04-14T00:00:00Z,211C_211B,0.0029687750000001087,0.26810104191666667
2020-04-15T00:00:00Z,211C_211B,0.0015832916666665975,0.25074479125
2020-04-16T00:00:00Z,211C_211B,0.0028020624999998875,0.19262396
2020-04-17T00:00:00Z,211C_211B,0.0015937666666666257,0.2958364591666667
2020-04-18T00:00:00Z,211C_211B,0.0034792458333331075,0.283200005
2020-04-19T00:00:00Z,211C_211B,0.002458333333333451,0.286409375
2020-04-20T00:00:00Z,211C_211B,-5.2033333333293776e-5,0.1445010420625
2020-04-21T00:00:00Z,211C_211B,0.0012396125000000795,0.055763542208333336
2020-04-22T00:00:00Z,211C_211B,9.167125000001016e-4,0.07086354225
2020-04-23T00:00:00Z,211C_211B,0.0013229125000000137,0.05896875016666667
2020-04-24T00:00:00Z,211C_211B,0.0013437458333333725,0.06531041691666667
2020-04-25T00:00:00Z,211C_211B,0.0015208208333333435,0.009984374916666667
2020-04-26T00:00:00Z,211C_211B,0.002479229166666689,0.03639479191666667
2020-04-27T00:00:00Z,211C_211B,0.002927108333333465,0.046588542
2020-04-28T00:00:00Z,211C_211B,0.003510504166666687,0.057638542
2020-04-29T00:00:00Z,211C_211B,0.0038438208333333446,0.079640626125
2020-04-30T00:00:00Z,211C_211B,0.002614520833333208,0.12329479145833333
2020-05-01T00:00:00Z,211C_211B,0.002104204166666679,0.12041250041666667
2020-05-02T00:00:00Z,211C_211B,0.0024791458333332703,0.188403124
2020-05-03T00:00:00Z,211C_211B,0.0013541624999999409,0.14056770891666667
2020-05-04T00:00:00Z,211C_211B,0.0013229666666666102,0.13445104083333334
2020-05-05T00:00:00Z,211C_211B,7.084250000001235e-4,0.06175520854166667
2020-05-06T00:00:00Z,211C_211B,0.0010416624999999662,0.053568751166666664
2020-05-07T00:00:00Z,211C_211B,3.120833333325468e-5,4.5520833916666667e-4
2020-05-08T00:00:00Z,211C_211B,3.125125000000099e-4,0.033123958625
2020-05-09T00:00:00Z,211C_211B,-1.250041666667571e-4,0.0057208333375
2020-05-10T00:00:00Z,211C_211B,-3.957708333334198e-4,0
2020-05-11T00:00:00Z,211C_211B,2.916708333333314e-4,0
2020-05-12T00:00:00Z,211C_211B,0.0017292166666665516,0.023117708316666666
2020-05-13T00:00:00Z,211C_211B,6.249749999999535e-4,0
2020-05-14T00:00:00Z,211C_211B,5.104541666667665e-4,0
2020-05-15T00:00:00Z,211C_211B,5.20837499999908e-4,0
2020-05-16T00:00:00Z,211C_211B,0.0016770791666667433,0
2020-05-17T00:00:00Z,211C_211B,8.645583333331727e-4,0
2020-05-18T00:00:00Z,211C_211B,0.0030520958333333237,0
2020-05-19T00:00:00Z,211C_211B,0.0024374750000000223,0
2020-05-20T00:00:00Z,211C_211B,-4.3752083333337133e-4,8.333333333333334e-6
2020-05-21T00:00:00Z,211C_211B,-7.708000000000345e-4,0
2020-05-22T00:00:00Z,211C_211B,0.0016146083333333043,0
2020-05-23T00:00:00Z,211C_211B,0.0030520833333332145,0
2020-05-24T00:00:00Z,211C_211B,0.0023854083333333387,0
2020-05-25T00:00:00Z,211C_211B,6.562624999999489e-4,0.0230916668875
2020-05-26T00:00:00Z,211C_211B,-0.001072920833333324,5.385416708333333e-4
2020-05-27T00:00:00Z,211C_211B,-4.2712499999997267e-4,0
2020-05-28T00:00:00Z,211C_211B,0.0025520833333334916,0
2020-05-29T00:00:00Z,211C_211B,0.0037604875000000573,0
2020-05-30T00:00:00Z,211C_211B,0.004218783333333254,0
2020-05-31T00:00:00Z,211C_211B,0.0036354624999999827,0
2020-06-01T00:00:00Z,211C_211B,0.004874987499999817,0
2020-06-02T00:00:00Z,211C_211B,0.00494798333333335,0
2020-06-03T00:00:00Z,211C_211B,0.003937491666666866,0.010543750041666666
2020-06-04T00:00:00Z,211C_211B,0.002062424999999868,0
2020-06-05T00:00:00Z,211C_211B,0.0014062541666666206,0.057159375825
2020-06-06T00:00:00Z,211C_211B,0.0013645958333334818,0.14971354208333335
2020-06-07T00:00:00Z,211C_211B,0.0011666416666666901,0.0733000015
2020-06-08T00:00:00Z,211C_211B,1.770833333332907e-4,0.059345833833333334
2020-06-09T00:00:00Z,211C_211B,8.853791666666444e-4,0.045767708895833335
2020-06-10T00:00:00Z,211C_211B,7.916833333334964e-4,0.07811145933333333
2020-06-11T00:00:00Z,211C_211B,5.729499999999425e-4,0.06931249970833334
2020-06-12T00:00:00Z,211C_211B,2.292083333334712e-4,0.07155625079166666
2020-06-13T00:00:00Z,211C_211B,0.0021562875000000017,0.382070841
2020-06-14T00:00:00Z,211C_211B,0.002385424999999867,0.16453750041666668
2020-06-15T00:00:00Z,211C_211B,-7.294999999992353e-5,0.11742708379166666
2020-06-16T00:00:00Z,211C_211B,0.0031874499999999806,0.12783124895833334
2020-06-17T00:00:00Z,211C_211B,0.001729220833333341,0.2924322897916667
2020-06-18T00:00:00Z,211C_211B,7.08299999999995e-4,0.527287498325
2020-06-19T00:00:00Z,211C_211B,9.062750000000674e-4,0.30276979083333333
2020-06-20T00:00:00Z,211C_211B,6.354208333335665e-4,0.22331354166666667
2020-06-21T00:00:00Z,211C_211B,1.6669583333335977e-4,0.19158749958333332
2020-06-22T00:00:00Z,211C_211B,3.6461249999989825e-4,0.1657416675
2020-06-23T00:00:00Z,211C_211B,-2.5000833333332917e-4,0.11928541791666666
2020-06-24T00:00:00Z,211C_211B,-6.354249999999858e-4,0.057104166916666664
2020-06-25T00:00:00Z,211C_211B,-0.001177099999999894,0.0040427082999999996
2020-06-26T00:00:00Z,211C_211B,-5.520458333333108e-4,0.05540520854166667
2020-06-27T00:00:00Z,211C_211B,0.0017604166666667458,0.2696177067916667
2020-06-28T00:00:00Z,211C_211B,0.0018645291666668322,0.06948229141666666
2020-06-29T00:00:00Z,211C_211B,0.002447870833333273,0.093130208125
2020-06-30T00:00:00Z,211C_211B,0.0019270666666667917,0.08745312504166666
2020-07-01T00:00:00Z,211C_211B,0.005239599999999937,0.5708302133333334
2020-07-02T00:00:00Z,211C_211B,0.0020208041666666863,0.3568822829166667
2020-07-03T00:00:00Z,211C_211B,5.834083333334054e-4,0.23482917041666668
2020-07-04T00:00:00Z,211C_211B,0.002322879166666625,0.20952187541666667
2020-07-05T00:00:00Z,211C_211B,0.0034374958333333407,0.22166562416666666
2020-07-06T00:00:00Z,211C_211B,0.003406329166666685,0.23044270875
2020-07-07T00:00:00Z,211C_211B,0.0011874958333334407,0.23788750125
2020-07-08T00:00:00Z,211C_211B,0.0016041999999999446,0.25000000125
2020-07-09T00:00:00Z,211C_211B,0.0013437583333332597,0.280246875
2020-07-10T00:00:00Z,211C_211B,0.0018020458333332472,0.33046249958333335
2020-07-11T00:00:00Z,211C_211B,-9.166166666666106e-4,0.35178333333333334
2020-07-12T00:00:00Z,211C_211B,3.750291666666146e-4,0.23321250083333334
2020-07-13T00:00:00Z,211C_211B,0.0012812249999999785,0.15424374932083332
2020-07-14T00:00:00Z,211C_211B,0.0013645916666667295,0.15541458291666665
2020-07-15T00:00:00Z,211C_211B,4.3748749999998154e-4,0.15501770916666666
2020-07-16T00:00:00Z,211C_211B,0.002885379166666683,0.16193229166666667
2020-07-17T00:00:00Z,211C_211B,0.002281229166666695,0.18380833375
2020-07-18T00:00:00Z,211C_211B,-3.646416666667207e-4,0.16267291625
2020-07-19T00:00:00Z,211C_211B,3.4377499999997213e-4,0.09473541708333333
2020-07-20T00:00:00Z,211C_211B,0.0011249583333332591,0.07702291633333333
2020-07-21T00:00:00Z,211C_211B,1.249374999999405e-4,0.064836459625
2020-07-22T00:00:00Z,211C_211B,-1.874583333333716e-4,0.06506979183333333
2020-07-23T00:00:00Z,211C_211B,-0.0010520666666667584,0.03485937525
2020-07-24T00:00:00Z,211C_211B,0.0016874958333333117,0
2020-07-25T00:00:00Z,211C_211B,9.79116666666724e-4,0.013923958408333333
2020-07-26T00:00:00Z,211C_211B,0.0011249916666666489,0.020368750041666668
2020-07-27T00:00:00Z,211C_211B,-4.167208333334023e-4,0.023339583458333334
2020-07-28T00:00:00Z,211C_211B,0.001843775000000029,9.999999999999999e-5
2020-07-29T00:00:00Z,211C_211B,8.125458333332706e-4,0
2020-07-30T00:00:00Z,211C_211B,0.0025000166666667343,0
2020-07-31T00:00:00Z,211C_211B,5.211666666649073e-5,0
2020-08-01T00:00:00Z,211C_211B,0.0026770749999999546,0
2020-08-02T00:00:00Z,211C_211B,0.004718825000000056,0
2020-08-03T00:00:00Z,211C_211B,0.0035729166666667402,0
2020-08-04T00:00:00Z,211C_211B,0.004687533333333345,0
2020-08-05T00:00:00Z,211C_211B,0.003239608333333366,0
2020-08-06T00:00:00Z,211C_211B,0.00390615416666662,0
2020-08-07T00:00:00Z,211C_211B,0.0034375208333333,0
2020-08-08T00:00:00Z,211C_211B,0.004687479166666712,0
2020-08-09T00:00:00Z,211C_211B,0.0034166333333333445,0
2020-08-10T00:00:00Z,211C_211B,0.004114608333333362,0
2020-08-11T00:00:00Z,211C_211B,0.003468733333333307,0
2020-08-12T00:00:00Z,211C_211B,0.0026146124999999834,0
2020-08-13T00:00:00Z,211C_211B,0.003687487499999994,0
2020-08-14T00:00:00Z,211C_211B,0.003906295833333388,0
2020-08-15T00:00:00Z,211C_211B,0.004427112500000052,0
2020-08-16T00:00:00Z,211C_211B,0.004260420833333371,0
2020-08-17T00:00:00Z,211C_211B,0.0020937624999999294,0.17607499983333333
2020-08-18T00:00:00Z,211C_211B,0.003291733333333361,0.08724166654166667
2020-08-19T00:00:00Z,211C_211B,8.749874999999241e-4,0.061620833166666666
2020-08-20T00:00:00Z,211C_211B,0.001322891666666659,0.0068312500375
2020-08-21T00:00:00Z,211C_211B,0.0018333333333333164,0.030471875208333332
2020-08-22T00:00:00Z,211C_211B,0.003020850000000038,0.0379989585
2020-08-23T00:00:00Z,211C_211B,0.0035520500000000657,0.0809093755
2020-08-24T00:00:00Z,211C_211B,0.003020854166666642,0.004976041666666667
2020-08-25T00:00:00Z,211C_211B,0.0032082958333333376,0
2020-08-26T00:00:00Z,211C_211B,0.003385391666666626,0.0020656250416666664
2020-08-27T00:00:00Z,211C_211B,0.003052041666666616,0.049788541916666665
2020-08-28T00:00:00Z,211C_211B,0.0022291583333332956,0.081795833
2020-08-29T00:00:00Z,211C_211B,0.0023333333333332984,0.072495833375
2020-08-30T00:00:00Z,211C_211B,0.002572908333333346,0.06630208379166666
2020-08-31T00:00:00Z,211C_211B,0.002468791666666655,0.09376354166666667
2020-09-01T00:00:00Z,211C_211B,9.895499999999686e-4,0.07831145870833334
2020-09-02T00:00:00Z,211C_211B,-2.499083333332708e-4,0.048441667
2020-09-03T00:00:00Z,211C_211B,9.271041666667109e-4,0.061208334125
2020-09-04T00:00:00Z,211C_211B,0.00262509166666669,0.06648750108333333
2020-09-05T00:00:00Z,211C_211B,0.002666737500000127,0.07482291820833334
2020-09-06T00:00:00Z,211C_211B,8.646333333333089e-4,0.06486562591666667
2020-09-07T00:00:00Z,211C_211B,9.688624999999821e-4,0.036695833416666664
2020-09-08T00:00:00Z,211C_211B,0.001749995833333351,0.06109583345833333
2020-09-09T00:00:00Z,211C_211B,9.687833333332415e-4,0.023554166917916668
2020-09-10T00:00:00Z,211C_211B,0.0013749916666666213,0.027676041916666668
2020-09-11T00:00:00Z,211C_211B,5.833624999999065e-4,0.006304166666666666
2020-09-12T00:00:00Z,211C_211B,0.0014375083333333742,0
2020-09-13T00:00:00Z,211C_211B,0.003979120833333368,0
2020-09-14T00:00:00Z,211C_211B,0.0027708041666668257,0.035680208375
2020-09-15T00:00:00Z,211C_211B,-1.7705416666669027e-4,0
2020-09-16T00:00:00Z,211C_211B,0.0017604249999998804,0
2020-09-17T00:00:00Z,211C_211B,0.0024895708333334543,0
2020-09-18T00:00:00Z,211C_211B,0.0031354125000000823,0
2020-09-19T00:00:00Z,211C_211B,0.0027812499999998463,0
2020-09-20T00:00:00Z,211C_211B,0.0038021583333333053,0
2020-09-21T00:00:00Z,211C_211B,0.004073012500000066,0
2020-09-22T00:00:00Z,211C_211B,0.00370849166666661,0
2020-09-23T00:00:00Z,211C_211B,0.0036249291666667536,0
2020-09-24T00:00:00Z,211C_211B,0.002072937499999964,0.02618125
2020-09-25T00:00:00Z,211C_211B,0.0015417124999999772,0.17950104083333335
2020-09-26T00:00:00Z,211C_211B,0.0031874874999999006,0.23886145916666668
2020-09-27T00:00:00Z,211C_211B,0.006489537500000105,0.7113468733333334
2020-09-28T00:00:00Z,211C_211B,0.0031978833333333734,0.44237917125
2020-09-29T00:00:00Z,211C_211B,0.004427083333333341,0.42682916625
2020-09-30T00:00:00Z,211C_211B,0.0036875208333334575,0.3451229225
2020-10-01T00:00:00Z,211C_211B,0.004802054166666607,0.40635313083333335
2020-10-02T00:00:00Z,211C_211B,0.0019374791666667186,0.5192739575
2020-10-03T00:00:00Z,211C_211B,0.0030103749999999727,0.4435218758333333
2020-10-04T00:00:00Z,211C_211B,0.002437433333333313,0.5091281233333333
2020-10-05T00:00:00Z,211C_211B,0.0019375791666667401,0.36015520958333336
2020-10-06T00:00:00Z,211C_211B,0.003395812499999873,0.34605729125
2020-10-07T00:00:00Z,211C_211B,0.005322937500000013,0.6244770845833333
2020-10-08T00:00:00Z,211C_211B,0.004906208333333217,0.6178416616666667
2020-10-09T00:00:00Z,211C_211B,0.002999920833333447,0.6434208295833334
2020-10-10T00:00:00Z,211C_211B,0.004385362500000101,0.52142083125
2020-10-11T00:00:00Z,211C_211B,0.0035207708333333163,0.6842218716666666
2020-10-12T00:00:00Z,211C_211B,0.002885425000000034,0.5133729179166666
2020-10-13T00:00:00Z,211C_211B,0.001916708333333424,0.47627708166666666
2020-10-14T00:00:00Z,211C_211B,0.0033124416666665546,0.38393333583333333
2020-10-15T00:00:00Z,211C_211B,0.002479154166666516,0.38051354583333336
2020-10-16T00:00:00Z,211C_211B,0.002114583333333364,0.3634916733333333
2020-10-17T00:00:00Z,211C_211B,0.0018645791666666023,0.29147291399999997
2020-10-18T00:00:00Z,211C_211B,0.0013228874999999067,0.3527239575
2020-10-19T00:00:00Z,211C_211B,0.0018228874999999996,0.32736353958333336
2020-10-20T00:00:00Z,211C_211B,0.0016979583333332309,0.46924791791666665
2020-10-21T00:00:00Z,211C_211B,6.14604166666588e-4,0.29694791541666665
2020-10-22T00:00:00Z,211C_211B,0.001979204166666637,0.13958854174583332
2020-10-23T00:00:00Z,211C_211B,7.604624999999476e-4,0.38805208708333333
2020-10-24T00:00:00Z,211C_211B,0.0011666666666666492,0.31342708166666666
2020-10-25T00:00:00Z,211C_211B,0.0020207958333331812,0.31833646
2020-10-26T00:00:00Z,211C_211B,6.771166666667364e-4,0.31436875429166666
2020-10-27T00:00:00Z,211C_211B,8.437875000000261e-4,0.3341791691666667
2020-10-28T00:00:00Z,211C_211B,0.0014062541666666577,0.30368020625
2020-10-29T00:00:00Z,211C_211B,0.0015207916666668542,0.419169795
2020-10-30T00:00:00Z,211C_211B,0.0028645958333333907,0.48329167291666664
2020-10-31T00:00:00Z,211C_211B,2.187750000000784e-4,0.5105375025
2020-11-01T00:00:00Z,211C_211B,6.562833333332296e-4,0.47545104541666666
2020-11-02T00:00:00Z,211C_211B,4.166916666666909e-4,0.5579781208333333
2020-11-03T00:00:00Z,211C_211B,-0.0020936999999999393,0.6310552016666666
2020-11-04T00:00:00Z,211C_211B,1.044999999992117e-5,0.4954979158333333
2020-11-05T00:00:00Z,211C_211B,0.001083308333333255,0.44286979708333335
2020-11-06T00:00:00Z,211C_211B,8.124708333332453e-4,0.4407083375
2020-11-07T00:00:00Z,211C_211B,2.604125000000475e-4,0.4346031258333333
2020-11-08T00:00:00Z,211C_211B,5.104083333333417e-4,0.4161989583333333
2020-11-09T00:00:00Z,211C_211B,6.77016666666567e-4,0.40325833083333334
2020-11-10T00:00:00Z,211C_211B,-1.0466666666782606e-5,0.3363062512291667
2020-11-11T00:00:00Z,211C_211B,-0.0014583000000000605,0.4200583325
2020-11-12T00:00:00Z,211C_211B,4.998416666665747e-4,0.41455312666666666
2020-11-13T00:00:00Z,211C_211B,5.833458333333782e-4,0.43475520916666666
2020-11-14T00:00:00Z,211C_211B,1.6670416666660545e-4,0.45173125
2020-11-15T00:00:00Z,211C_211B,-8.124666666666039e-4,0.5045624979166666
2020-11-16T00:00:00Z,211C_211B,-0.0015624416666667473,0.6554354120833333
2020-11-17T00:00:00Z,211C_211B,0.0017291541666666355,0.6953395908333333
2020-11-18T00:00:00Z,211C_211B,0.0010937625000000024,0.64201665625
2020-11-19T00:00:00Z,211C_211B,0.002208370833333325,0.5792364495833333
2020-11-20T00:00:00Z,211C_211B,0.002656254166666594,0.5160479191666667
2020-11-21T00:00:00Z,211C_211B,0.0020104583333331685,0.40399896166666666
2020-11-22T00:00:00Z,211C_211B,0.0027811416666667275,0.42228541416666665
2020-11-23T00:00:00Z,211C_211B,0.0028852875000000924,0.4340864625
2020-11-24T00:00:00Z,211C_211B,0.0019375458333333502,0.42303333583333336
2020-11-25T00:00:00Z,211C_211B,0.0019167374999998765,0.42018020916666665
2020-11-26T00:00:00Z,211C_211B,0.0033853624999998777,0.4251145808333333
2020-11-27T00:00:00Z,211C_211B,0.0018749333333334024,0.40734166833333335
2020-11-28T00:00:00Z,211C_211B,8.229708333332697e-4,0.41926041833333333
2020-11-29T00:00:00Z,211C_211B,0.0017188041666667726,0.4120437525
2020-11-30T00:00:00Z,211C_211B,0.0025000083333335255,0.40913541666666664
2020-12-01T00:00:00Z,211C_211B,0.004374995833333266,0.64130832375
2020-12-02T00:00:00Z,211C_211B,0.0031770249999999445,0.6042801970833334
2020-12-03T00:00:00Z,211C_211B,0.0020207833333333314,0.6582041604166666
2020-12-04T00:00:00Z,211C_211B,0.001624983333333237,0.6880187445833333
2020-12-05T00:00:00Z,211C_211B,0.0017812833333333462,0.56831770375
2020-12-06T00:00:00Z,211C_211B,0.0017916666666665988,0.47556145066666666
2020-12-07T00:00:00Z,211C_211B,0.0019063249999999865,0.7317312470833333
2020-12-08T00:00:00Z,211C_211B,9.791749999999988e-4,0.74039896875
2020-12-09T00:00:00Z,211C_211B,4.7925000000015316e-4,0.66586771875
2020-12-10T00:00:00Z,211C_211B,0.001135429166666757,0.6334187445833334
2020-12-11T00:00:00Z,211C_211B,4.478750000000605e-4,0.62208957875
2020-12-12T00:00:00Z,211C_211B,0.004291679166666729,0.6788854195833334
2020-12-13T00:00:00Z,211C_211B,0.0025419083333335646,0.70477604
2020-12-14T00:00:00Z,211C_211B,0.0025833541666666258,0.6904323
2020-12-15T00:00:00Z,211C_211B,0.004989570833333364,0.8791708375
2020-12-16T00:00:00Z,211C_211B,0.0018750500000000263,0.8676541645833333
2020-12-17T00:00:00Z,211C_211B,0.0035937833333331928,0.9625291650000001
2020-12-18T00:00:00Z,211C_211B,0.0012187500000000462,0.7121624983333333
2020-12-19T00:00:00Z,211C_211B,7.708875000000207e-4,0.714197915
2020-12-20T00:00:00Z,211C_211B,0.0014478500000000654,0.7026343833333333
2020-12-21T00:00:00Z,211C_211B,1.4575833333330124e-4,0.47504793041666665
2020-12-22T00:00:00Z,211C_211B,0.003729104166666571,1.0048375016666666
2020-12-23T00:00:00Z,211C_211B,0.005239633333333289,1.1845864458333333
2020-12-24T00:00:00Z,211C_211B,0.007312483333333379,1.3464708458333334
2020-12-25T00:00:00Z,211C_211B,0.0013958541666666546,1.1520448
2020-12-26T00:00:00Z,211C_211B,0.001343762500000049,0.9961031416666667
2020-12-27T00:00:00Z,211C_211B,0.004427041666666816,1.0725197875
2020-12-28T00:00:00Z,211C_211B,0.0022395416666664745,1.0745469
2020-12-29T00:00:00Z,211C_211B,0.0022187541666666513,0.99524167
2020-12-30T00:00:00Z,211C_211B,0.001166662499999897,0.88178541375
2020-12-31T00:00:00Z,211C_211B,0.003333245833333313,0.87014271
2021-01-01T00:00:00Z,211C_211B,0.003114533333333299,0.85588854
2021-01-02T00:00:00Z,211C_211B,0.0017500583333333413,0.8269229166666666
2021-01-03T00:00:00Z,211C_211B,0.0010521583333333862,0.7998354129166667
2021-01-04T00:00:00Z,211C_211B,0.0012918291666666286,0.7890239558333334
2021-01-05T00:00:00Z,211C_211B,0.0015521916666666469,0.8025062454166667
2021-01-06T00:00:00Z,211C_211B,0.0020520916666665703,0.7628635416666667
2021-01-07T00:00:00Z,211C_211B,0.0031353666666668425,0.7664499958333333
2021-01-08T00:00:00Z,211C_211B,0.005531204166666748,0.9035114583333334
2021-01-09T00:00:00Z,211C_211B,0.002000087500000062,0.8984645795833334
2021-01-10T00:00:00Z,211C_211B,0.0024583958333333302,0.8086281258333333
2021-01-11T00:00:00Z,211C_211B,0.0028436666666668,0.7790645775
2021-01-12T00:00:00Z,211C_211B,0.010416691666666552,1.407035415
2021-01-13T00:00:00Z,211C_211B,0.006322916666666734,1.1496187775
2021-01-14T00:00:00Z,211C_211B,0.0014687124999999874,1.1199510583333334
2021-01-15T00:00:00Z,211C_211B,0.001864574999999924,0.8682145820833334
2021-01-16T00:00:00Z,211C_211B,0.0019270291666665385,0.7271552
2021-01-17T00:00:00Z,211C_211B,0.0035624958333333088,0.7634989579166667
2021-01-18T00:00:00Z,211C_211B,0.0023541249999999105,0.8633385379166667
2021-01-19T00:00:00Z,211C_211B,0.010958279166666585,1.3515937345833333
2021-01-20T00:00:00Z,211C_211B,0.007239587500000051,1.2912468770833334
2021-01-21T00:00:00Z,211C_211B,0.0025937375000000262,0.6853447858333334
2021-01-22T00:00:00Z,211C_211B,0.006281266666666803,1.2279145833333334
2021-01-23T00:00:00Z,211C_211B,0.0019583374999999625,0.7860020816666666
2021-01-24T00:00:00Z,211C_211B,0.003593737499999916,0.8392416633333334
2021-01-25T00:00:00Z,211C_211B,0.0023541583333333374,0.6819937466666667
2021-01-26T00:00:00Z,211C_211B,0.004531245833333271,0.9527614508333333
2021-01-27T00:00:00Z,211C_211B,0.0017395333333334317,0.8280927070833333
2021-01-28T00:00:00Z,211C_211B,0.014489595833333277,1.6741739483333333
2021-01-29T00:00:00Z,211C_211B,0.03014589166666659,2.522278125
2021-01-30T00:00:00Z,211C_211B,0.0102395666666667,1.6836739625
2021-01-31T00:00:00Z,211C_211B,0.003072887500000121,1.0869864691666666
2021-02-01T00:00:00Z,211C_211B,9.270750000000735e-4,0.8913552116666666
2021-02-02T00:00:00Z,211C_211B,0.002750041666666666,0.8658687445833333
2021-02-03T00:00:00Z,211C_211B,0.016499941666666722,1.9018479291666666
2021-02-04T00:00:00Z,211C_211B,0.019166633333333277,2.1484343624999998
2021-02-05T00:00:00Z,211C_211B,0.005385454166666655,1.3786729291666666
2021-02-06T00:00:00Z,211C_211B,0.006864545833333328,1.3665333333333334
2021-02-07T00:00:00Z,211C_211B,0.004624949999999924,1.2214520875000001
2021-02-08T00:00:00Z,211C_211B,0.002510404166666739,1.0381354229166666
2021-02-09T00:00:00Z,211C_211B,0.007093749999999936,0.9555791641666667
2021-02-10T00:00:00Z,211C_211B,0.005708274999999967,0.82934166875
2021-02-11T00:00:00Z,211C_211B,3.958125000000183e-4,0.71392499875
2021-02-12T00:00:00Z,211C_211B,-9.58412500000135e-4,0.6593281154166667
2021-02-13T00:00:00Z,211C_211B,0.005958349999999816,0.5523916625
2021-02-14T00:00:00Z,211C_211B,8.020708333333904e-4,0.48283437458333334
2021-02-15T00:00:00Z,211C_211B,0.001666654166666855,0.6340312533333333
2021-02-16T00:00:00Z,211C_211B,0.01742712083333331,1.8774270916666667
2021-02-17T00:00:00Z,211C_211B,0.020708366666666683,2.2384249958333333
2021-02-18T00:00:00Z,211C_211B,0.009562487499999994,1.5902864666666667
2021-02-19T00:00:00Z,211C_211B,0.010989529166666586,1.7232645875000001
2021-02-20T00:00:00Z,211C_211B,0.0036354041666667447,1.2310500291666666
2021-02-21T00:00:00Z,211C_211B,0.0014583125000000585,0.9852166675
2021-02-22T00:00:00Z,211C_211B,-1.3539166666668803e-4,0.7371156216666667
2021-02-23T00:00:00Z,211C_211B,0.0022916041666667386,0.5709354108333333
2021-02-24T00:00:00Z,211C_211B,0.0018333499999999188,0.5220916645833333
2021-02-25T00:00:00Z,211C_211B,0.002468754166666698,0.50430938
2021-02-26T00:00:00Z,211C_211B,0.0048333375000000345,0.8629854158333333
2021-02-27T00:00:00Z,211C_211B,0.0027603208333332927,0.5117270858333334
2021-02-28T00:00:00Z,211C_211B,0.0021666958333333617,0.48311146625
2021-03-01T00:00:00Z,211C_211B,6.875416666667356e-4,0.4401520858333333
2021-03-02T00:00:00Z,211C_211B,-5.521249999999404e-4,0.3839447933333333
2021-03-03T00:00:00Z,211C_211B,9.166916666665988e-4,0.34331875041666665
2021-03-04T00:00:00Z,211C_211B,0.0010104791666663744,0.35676562500000003
2021-03-05T00:00:00Z,211C_211B,2.6041666666665186e-4,0.2807250016875
2021-03-06T00:00:00Z,211C_211B,4.6875833333330047e-4,0.24727083391666665
2021-03-07T00:00:00Z,211C_211B,-1.0429166666788467e-5,0.23842812708333333
2021-03-08T00:00:00Z,211C_211B,4.2709583333337225e-4,0.21523750041666667
2021-03-09T00:00:00Z,211C_211B,0.0013958249999999432,0.24473541625
2021-03-10T00:00:00Z,211C_211B,-6.875541666667336e-4,0.2489479175
2021-03-11T00:00:00Z,211C_211B,0.005302091666666582,0.35044895708333335
2021-03-12T00:00:00Z,211C_211B,0.0023958791666667998,0.36153437625
2021-03-13T00:00:00Z,211C_211B,0.008177112499999936,0.6532802075
2021-03-14T00:00:00Z,211C_211B,0.0038437833333332394,0.5558083320833334
2021-03-15T00:00:00Z,211C_211B,0.005927124999999996,0.7648031233333333
2021-03-16T00:00:00Z,211C_211B,0.004500012500000057,0.7545625054166667
2021-03-17T00:00:00Z,211C_211B,0.00556247083333324,0.982141665
2021-03-18T00:00:00Z,211C_211B,0.004677079166666598,0.9242020762500001
2021-03-19T00:00:00Z,211C_211B,0.0037603833333333205,0.7387468741666666
2021-03-20T00:00:00Z,211C_211B,0.002854091666666577,0.43249270995833333
2021-03-21T00:00:00Z,211C_211B,0.00203117083333341,0.441912505
2021-03-22T00:00:00Z,211C_211B,-7.500083333334221e-4,0.39468750166666666
2021-03-23T00:00:00Z,211C_211B,9.166374999998542e-4,0.27265208625
2021-03-24T00:00:00Z,211C_211B,0.001000037499999995,0.22051458291666667
2021-03-25T00:00:00Z,211C_211B,4.375541666666501e-4,0.20876249875
2021-03-26T00:00:00Z,211C_211B,0.0011458208333332183,0.18491979291666666
2021-03-27T00:00:00Z,211C_211B,0.0026249458333332067,0.23491874958333334
2021-03-28T00:00:00Z,211C_211B,8.957958333333608e-4,0.20585937416666666
2021-03-29T00:00:00Z,211C_211B,0.001166712499999963,0.09063229125
2021-03-30T00:00:00Z,211C_211B,-8.337499999992264e-5,0.22825625167083333
2021-03-31T00:00:00Z,211C_211B,-0.0017499583333333197,0.5669416704166667
2021-04-01T00:00:00Z,211C_211B,0.0012812458333333703,0.4680364575
2021-04-02T00:00:00Z,211C_211B,0.0018436750000000817,0.4563864633333333
2021-04-03T00:00:00Z,211C_211B,0.0015000083333332286,0.45842396041666666
2021-04-04T00:00:00Z,211C_211B,0.0016770791666667433,0.4647874991666667
2021-04-05T00:00:00Z,211C_211B,0.004510383333333312,0.49937291666666667
2021-04-06T00:00:00Z,211C_211B,0.0031562374999999365,0.4752354183333333
2021-04-07T00:00:00Z,211C_211B,0.0064687750000000195,0.7903697945833333
2021-04-08T00:00:00Z,211C_211B,0.004208304166666658,0.8418614583333334
2021-04-09T00:00:00Z,211C_211B,0.0026666375000000686,0.64529896
2021-04-10T00:00:00Z,211C_211B,0.0026874833333333146,0.7993958329166667
2021-04-11T00:00:00Z,211C_211B,0.006614591666666707,1.1253375083333332
2021-04-12T00:00:00Z,211C_211B,0.005062554166666677,0.8485781245833334
2021-04-13T00:00:00Z,211C_211B,1.2501666666668113e-4,0.8028052016666667
2021-04-14T00:00:00Z,211C_211B,0.001687429166666717,0.72036979125
2021-04-15T00:00:00Z,211C_211B,0.001614499999999926,0.6897198025
2021-04-16T00:00:00Z,211C_211B,0.0016041291666665976,0.5905281283333333
2021-04-17T00:00:00Z,211C_211B,0.002281295833333289,0.57987915375
2021-04-18T00:00:00Z,211C_211B,0.001666699999999947,0.570352075
2021-04-19T00:00:00Z,211C_211B,0.002270833333333296,0.5680145791666666
2021-04-20T00:00:00Z,211C_211B,0.0014374416666667427,0.5535354108333334
2021-04-21T00:00:00Z,211C_211B,0.0013853708333333807,0.5576604058333333
2021-04-22T00:00:00Z,211C_211B,0.0015416666666666263,0.5213958270833333
2021-04-23T00:00:00Z,211C_211B,0.0011353875000000107,0.49856875125
2021-04-24T00:00:00Z,211C_211B,4.999499999999527e-4,0.46562291833333336
2021-04-25T00:00:00Z,211C_211B,0.001052108333333357,0.4466427129166667
2021-04-26T00:00:00Z,211C_211B,6.248333333325196e-5,0.33038854458333333
2021-04-27T00:00:00Z,211C_211B,6.66700000000057e-4,0.30551979208333335
2021-04-28T00:00:00Z,211C_211B,0.0018750208333333889,0.2991770833333333
2021-04-29T00:00:00Z,211C_211B,0.003593704166666637,0.2575645833333333
2021-04-30T00:00:00Z,211C_211B,0.0016771083333333066,0.25352187625
2021-05-01T00:00:00Z,211C_211B,0.0017396750000000516,0.26259583583333335
2021-05-02T00:00:00Z,211C_211B,0.002135499999999957,0.25385729083333336
2021-05-03T00:00:00Z,211C_211B,0.001739570833333463,0.28355312375
2021-05-04T00:00:00Z,211C_211B,0.005291687499999975,0.29637916833333333
2021-05-05T00:00:00Z,211C_211B,0.006156270833333329,0.34612604166666666
2021-05-06T00:00:00Z,211C_211B,0.003291562499999993,0.3631020875
2021-05-07T00:00:00Z,211C_211B,0.003572937500000021,0.5459906270833333
2021-05-08T00:00:00Z,211C_211B,9.478916666665708e-4,0.48851042
2021-05-09T00:00:00Z,211C_211B,1.9792916666657354e-4,0.4080135425
2021-05-10T00:00:00Z,211C_211B,0.0010103625000001208,0.32070312375
2021-05-11T00:00:00Z,211C_211B,0.002041791666666515,0.38837812374999997
2021-05-12T00:00:00Z,211C_211B,0.0012708041666667318,0.42044166958333334
2021-05-13T00:00:00Z,211C_211B,5.417500000000445e-4,0.37158333666666665
2021-05-14T00:00:00Z,211C_211B,9.271500000000987e-4,0.3253583375
2021-05-15T00:00:00Z,211C_211B,0.002749941666666681,0.3337812491666667
2021-05-16T00:00:00Z,211C_211B,0.0012188124999998884,0.41016041999999997
2021-05-17T00:00:00Z,211C_211B,0.0018020666666666758,0.4849312525
2021-05-18T00:00:00Z,211C_211B,6.87583333333334e-4,0.14660624916666667
2021-05-19T00:00:00Z,211C_211B,3.7493749999994996e-4,0.37910729204166665
2021-05-20T00:00:00Z,211C_211B,2.0779166666725264e-5,0.3845697941666667
2021-05-21T00:00:00Z,211C_211B,0.003364054166666741,0.4205416691666667
2021-05-22T00:00:00Z,211C_211B,0.0015109458333332586,0.4542322925
2021-05-23T00:00:00Z,211C_211B,0.0020729416666666425,0.5236489508333333
2021-05-24T00:00:00Z,211C_211B,0.001562495833333381,0.46634166583333336
2021-05-25T00:00:00Z,211C_211B,0.004135416666666762,0.61101978875
2021-05-26T00:00:00Z,211C_211B,0.002552062499999989,0.6556874958333333
2021-05-27T00:00:00Z,211C_211B,0.0031458250000000834,0.632856245
2021-05-28T00:00:00Z,211C_211B,-9.166624999999614e-4,0.5672750004166667
2021-05-29T00:00:00Z,211C_211B,0.001197924999999933,0.4242604191666667
2021-05-30T00:00:00Z,211C_211B,0.0015104458333334108,0.3470166708333333
2021-05-31T00:00:00Z,211C_211B,-5.937458333332332e-4,0.28556145791666665
2021-06-01T00:00:00Z,211C_211B,-8.541500000000349e-4,0.11903749875
2021-06-02T00:00:00Z,211C_211B,-0.0020730124999999897,0.08957187429166666
2021-06-03T00:00:00Z,211C_211B,-2.9170000000007984e-4,0.033426041791666666
2021-06-04T00:00:00Z,211C_211B,0.001041708333333391,0.44281875249999997
2021-06-05T00:00:00Z,211C_211B,0.0034375124999999804,0.49056874916666665
2021-06-06T00:00:00Z,211C_211B,0.0013437916666667233,0.2595395833333333
2021-06-07T00:00:00Z,211C_211B,-0.0012291541666665795,0.14473229233333335
2021-06-08T00:00:00Z,211C_211B,-5.937624999999835e-4,0.07047499979166666
2021-06-09T00:00:00Z,211C_211B,6.562249999999917e-4,0.015510416770833334
2021-06-10T00:00:00Z,211C_211B,4.1670833333329327e-4,0.014580208333333334
2021-06-11T00:00:00Z,211C_211B,0.001312441666666812,0.05196666691666667
2021-06-12T00:00:00Z,211C_211B,-3.9585416666672774e-4,0.005122916604166667
2021-06-13T00:00:00Z,211C_211B,-0.0024270791666666236,0
2021-06-14T00:00:00Z,211C_211B,-0.0030729083333332907,0
2021-06-15T00:00:00Z,211C_211B,4.5833333333326437e-4,0.03586145884583333
2021-06-16T00:00:00Z,211C_211B,-0.0013333208333333364,0.062176042083333334
2021-06-17T00:00:00Z,211C_211B,-0.002104112500000125,0.025327083208333333
2021-06-18T00:00:00Z,211C_211B,-0.0014167333333333643,0.3092843766666667
2021-06-19T00:00:00Z,211C_211B,-0.00120822916666663,0.166557291
2021-06-20T00:00:00Z,211C_211B,-0.0010625125000000752,0.15439062416666666
2021-06-21T00:00:00Z,211C_211B,0.0031249875000000094,0.74029688125
2021-06-22T00:00:00Z,211C_211B,3.5420000000011925e-4,0.5011739566666666
2021-06-23T00:00:00Z,211C_211B,6.666833333333807e-4,0.47166249583333336
2021-06-24T00:00:00Z,211C_211B,-0.0010312458333334347,0.3761302125
2021-06-25T00:00:00Z,211C_211B,-0.002906670833333328,0.3397424175
2021-06-26T00:00:00Z,211C_211B,-0.003989620833333281,0.22123125125
2021-06-27T00:00:00Z,211C_211B,-0.0018958458333333539,0.3683354175
2021-06-28T00:00:00Z,211C_211B,-0.0027917458333333776,0.432804165
2021-06-29T00:00:00Z,211C_211B,-0.00413536249999998,0.26334479375000003
2021-06-30T00:00:00Z,211C_211B,-3.332583333334564e-4,0.419915625
2021-07-01T00:00:00Z,211C_211B,-0.001874962500000077,0.5706156279166666
2021-07-02T00:00:00Z,211C_211B,-0.0029895500000000075,0.38721458583333335
2021-07-03T00:00:00Z,211C_211B,-0.003906295833333351,0.32101666916666666
2021-07-04T00:00:00Z,211C_211B,-0.001937483333333323,0.56892708125
2021-07-05T00:00:00Z,211C_211B,-6.771125000000952e-4,0.7099385358333333
2021-07-06T00:00:00Z,211C_211B,-0.0022291458333332606,0.38802291916666665
2021-07-07T00:00:00Z,211C_211B,-0.0019896083333333556,0.40394479333333333
2021-07-08T00:00:00Z,211C_211B,-0.002562449999999994,0.2940552054166667
2021-07-09T00:00:00Z,211C_211B,-5.521333333333711e-4,0.15160624941666667
2021-07-10T00:00:00Z,211C_211B,2.2914999999990027e-4,0.24565208541666667
2021-07-11T00:00:00Z,211C_211B,5.625375000000155e-4,0.3336822916666667
2021-07-12T00:00:00Z,211C_211B,-7.396166666666278e-4,0.21398541420833334
2021-07-13T00:00:00Z,211C_211B,0.003635395833333203,0.40350625291666664
2021-07-14T00:00:00Z,211C_211B,0.0058436708333332215,0.4097187525
2021-07-15T00:00:00Z,211C_211B,0.016312487499999917,2.577480197083333
2021-07-16T00:00:00Z,211C_211B,-0.02431250000000018,4.3154
