objectid,code,X,Y
112,104ZBW,167562.015000001,418023.704999998
113,253LEA,181495.881000001,391344.390000001
114,253LFH,181705.412999999,391597.039999999
115,211ADL,174906.690000001,402043.815000001
116,104LGS,174916.210999999,417476.033
117,117MRH,146803.324000001,414410.210999999
118,116BRA,146578.965,411603.682
119,217BKK,164464.077,398219.210999999
120,205LFT,154914.021000002,412446.432
121,217KDZ,160630.813000001,405852.076000001
122,211BKW,172223.378699999,401327.8794
123,211UWE,172112.434999999,401132.868999999
124,204MRS,161091.528000001,408357.749000002
125,AKW15B,194356.781,407453.750999998
126,204CHA,164633.107000001,409776.960000001
127,204FM,169518.129799999,409902.8915
128,211EA,165405.432399999,407610.561099999
129,211JC,171165.822000001,405748.945
130,211JN,171631.048,406655.070999999
131,211MJ,175756.638,402781.912000001
132,211MO,175414.511999998,402558.041000001
133,211MT,176248.877,404095.502999999
134,234CK,170762.101799998,395216.593400002
135,234CPC,170057.243999999,393675.195
136,234GH,173352.098000001,384257.129000001
137,251CMA,179592.001600001,394646.486400001
138,251N,182284.574999999,396646.940000001
139,261BAB,179369.0,389670.863000002
1,114LAC,190195.875,396712.958999999
2,217IA,166256.374000002,397535.719999999
3,205WAO,153820.2469,411770.604499999
4,205WAP,153819.297200002,411772.294799998
5,205WAQ,153818.213399999,411773.803199999
6,104CUM,167570.3541,421140.415300001
7,101HGW,154063.0913,422253.133099999
8,119GES,150848.643599998,409840.657000002
9,119OSW,150848.596299998,409842.602299999
10,119OGW,150848.548700001,409844.52
11,EKW6,197221.357099999,402968.178199999
12,108A20,182857.761,415603.374000002
13,275K,187353.708999999,376758.438000001
14,275M,188270.864999998,374342.469000001
15,279A,177017.919,381507.055
16,279G,181259.623,380079.280000001
17,279H,181900.083999999,379488.695999999
18,280SC,176757.039500002,381077.875300001
19,292B,181969.405000001,375467.861000001
20,211A,158086.576000001,408083.478999998
21,256AA,174126.445500001,393404.364700001
22,254AA,172680.625999998,395401.267999999
23,275HG,187621.388099998,379840.9881
24,261FF,182430.475000001,388639.721000001
25,261E,179694.861000001,388565.195999999
26,204HN,167262.969999999,412105.758000001
27,204AL,154929.708000001,412469.691
28,234FF,176233.323399998,383283.155499999
29,261BAD,180389.125999998,390185.539000001
30,204BHA,158272.756000001,409562.975000002
31,204BKA,162522.195999999,413854.293000001
32,204C,158659.210000001,412416.442000002
33,201S,180703.390999999,373184.783
34,261CZA,188927.441199999,384271.983399998
35,201MOL,157387.5484,407486.7962
36,211HIA,170570.858399998,409435.352400001
37,217EI,166782.41,398153.265000001
38,114CWB,187158.241999999,401485.82
39,217K,166338.09,396603.423
40,AKW112,191529.550000001,414033.43
41,114BYS,195568.416999999,401483.963
42,234A,168070.863000002,399644.473999999
43,102MEE,149843.968199998,415993.117400002
44,EKW1a,197563.193100002,402594.716200002
45,250E,175727.940000001,399008.475000002
46,217GRT,168567.295600001,398091.497400001
47,225B,164070.044,404444.274
48,203IA,157553.102000002,405821.969999999
49,204CF,163943.186999999,410933.046999998
50,204CT,163495.491799999,408708.035399999
51,204EE,166250.285,415443.065000001
52,204FD,166731.668000001,410156.695
53,204S,170796.373,412143.421
54,205BAA,153868.694800001,411787.134100001
55,211JQ,172396.888999999,407705.136999998
56,211JR,172598.456999999,407761.252999999
57,211KC,172559.653999999,405218.175999999
58,211M,172248.624899998,402671.740200002
59,211MA,172787.802999999,402775.769000001
60,211MF,174689.370999999,403119.195
61,211NC,174375.113499999,402116.864399999
62,114PPS,188739.943999998,402099.572000001
63,234BSW,169210.872000001,398315.238000002
64,234CPD,170761.0288,393070.794799998
65,251CC,176853.491,397263.142999999
66,251J,177850.899999999,397710.293000002
67,253OUD,176095.252999999,393930.838
68,253BE,173761.899,396028.057999998
69,251T,186422.291999999,393408.272
70,253LC,180336.109000001,391489.658
71,253R,183780.745999999,391261.695
72,257IA,173518.763,392440.239
73,AKW609b,161802.853100002,423748.114
74,261BID,184280.815000001,383628.651000001
75,261BM,184340.548,382763.752999999
76,261BS,184855.749000002,382230.853999998
77,261H,182412.079999998,389099.618000001
78,261JP,186466.829,389080.949999999
79,275GA,185625.432,380628.962000001
80,AKW609a,161806.153000001,423745.543099999
81,275JF,190004.638,375192.23
82,276A,176901.191,382734.701000001
83,292BKS,181217.851100002,374468.675000001
84,104SRO,175836.9683,418563.026099999
85,204PAM,169569.183200002,413680.053199999
86,204PLM,169646.7051,413951.1516
87,204SLA,169124.749299999,413335.6274
88,204AKA,161767.271000002,415793.806000002
89,108WRW,183881.083999999,409103.379000001
90,108MSV,181494.052000001,414915.647
91,120VBL,151390.589000002,412094.866
92,204KOU,168477.767999999,412692.495999999
93,116PKS,149125.241999999,411504.800000001
94,116SGK,149123.355,411471.872000001
95,102AVO,150223.258000001,412143.16
96,102OHL,150223.076000001,412144.041999999
97,FKW1,195592.320999999,404535.541000001
98,108JVC,179519.776999999,418860.809999999
99,206ZWV,156114.260000002,408022.760000002
100,205KLS,153127.929000001,412305.745999999
101,205GVN,158077.8675,408114.2784
102,205BGS,157044.405200001,407728.796999998
103,105MPD,175077.125,412656.024
104,105MKP,175222.989,412389.603
105,201HAM,167017.061999999,400772.772
106,230HHC,165965.381999999,401825.221000001
107,230BAB,166621.782000002,401689.054000001
108,232HHB,166120.526000001,401369.596000001
109,115KEE,176416.728,420927.77
110,107PPW,180475.138999999,408331.096999999
111,217JC,165895.888,395474.555
140,261BIC,183422.287999999,383666.476
141,261BN,185014.941,382677.93
142,261BO,185200.09,382675.158
143,261CQ,185709.414999999,387635.083999999
144,261FA,180775.195,388975.375
145,268A,176275.934,386282.232000001
146,275DA,181228.793000001,381804.436999999
147,275EA,181814.232000001,381484.789999999
148,275JK,189569.533,377399.287
149,261JIB,187270.119600002,391016.388700001
150,275EB,181838.640000001,381441.175000001
151,279D,178338.386999998,381329.085999999
152,275BF,179619.752999999,384512.846999999
153,261CQC,186439.596000001,388010.517999999
154,103BUS,162016.116,418283.936999999
155,AKW919b,140074.097100001,417024.519099999
156,102CSS,151129.409000002,414548.947000001
157,105AKS,174719.353,410940.096000001
158,211BVP,158665.280200001,408460.107900001
159,102RDK,152793.5385,418138.757599998
160,102RSS,152793.977699999,418138.783399999
161,U2B2KW25HV1,154538.690299999,410404.2335
162,292KOK,182209.671999998,372810.888900001
163,211HGD,168755.618000001,408652.340999998
164,275JH,188523.502,377115.098999999
165,104FPW,174601.658,417724.460000001
166,104FVV,171740.427999999,418764.333000001
167,204BN,158975.414000001,412424.436000001
168,204CD,162570.241,411849.298
169,204CG,164405.495000001,410673.614999998
222,211HCA,169079.901999999,408194.340999998
223,211LI,173440.059900001,404253.033100002
224,211LS,173274.285,405096.318999998
225,211MB,173224.864999998,402877.306000002
226,211MQ,175300.620000001,404446.627
227,234F,173716.355,385290.197000001
228,234FG,176345.239,382924.837000001
229,246C,174451.421999998,400077.798
230,248A,173623.891100001,399354.739100002
231,248G,176009.177999999,399491.838
232,251CLA,178613.816,394240.987
233,251NB,182878.041999999,396822.078000002
234,253J,177923.278999999,393046.682999998
235,261HA,183440.473999999,389714.274
236,261JI,187130.6657,391299.5986
237,261JK,184686.037,389808.838
238,275CA,180719.541999999,382428.296999998
239,275JE,190005.793000001,375192.701000001
240,108KSS,188043.026000001,404271.445
241,213B,160225.306400001,407257.144299999
242,217KB,167587.988000002,395108.934999999
243,234PRP,170654.397599999,390416.1094
244,234PRN,170756.461199999,390255.997000001
245,234CL,170504.243999999,395091.522999998
246,204J,166835.895,411511.092999999
170,204G,165440.227699999,412681.982900001
171,104FMV,170896.960999999,417686.971000001
172,204Q,170044.473000001,411785.741999999
173,211HB,168412.204999998,409012.75
174,211HJ,170898.710999999,409441.127999999
175,211JB,170522.074000001,406520.921
176,108LOS,190233.012699999,410563.028999999
177,211MH,175139.98,403336.511
178,211MP,175821.407000002,402611.609000001
179,211MR,175697.226,404582.364
180,211MZ,177401.453000002,402550.401000001
181,211ND,173319.1842,401610.824099999
182,108Z,184125.396000002,408821.105999999
183,204EKS,169787.156100001,411521.951099999
184,108ZAA,183442.798999999,408343.526999999
185,104FTV,171389.831999999,418607.645
186,110SAR,188019.1556,402596.131200001
187,234FL,173721.677999999,385299.500999998
188,245A,173162.822999999,400157.901000001
189,248J,177809.874000002,399893.322999999
190,251NA,182608.366999999,396511.778999999
191,253GB,176950.646000002,392110.548999999
192,253GG,178489.031,391751.791000001
193,253P,183056.807,391530.464000002
194,261BIF,184773.458999999,383645.039999999
195,107ECS,178816.795000002,408653.657000002
196,261BIN,182898.594000001,383627.192000002
197,261CL,186249.920000002,386105.59
198,261CTA,185408.787799999,384769.412799999
199,261BIG,185518.511999998,383653.989999998
200,261BRA,188149.462000001,381752.421
201,261CD,180438.122000001,387516.403999999
202,261CEA,181678.866,387360.651000001
203,261CP,188699.563000001,383609.839000002
204,261JAA,185194.43,390430.355
205,261JM,185363.827,388485.66
206,275HH,186719.59,381430.594999999
207,287DH,185257.013,377736.552000001
208,275BC,180507.890000001,383700.274999998
209,251CR,181893.822999999,395316.627
210,204CC,160775.377999999,409639.434
211,261BOA,186235.050000001,382949.006000001
212,204HFC,167538.013999999,413794.02
213,234CBC,166671.366999999,391941.473999999
214,234CPA,170483.059999999,394061.199999999
215,245BB,173635.188999999,400983.701000001
216,102CET,151370.510000002,415904.535
217,107FAS,181260.796999998,412515.307
218,204AB,157233.929000001,413877.151999999
219,204AI,160258.677299999,415151.219300002
220,204CP,163496.225000001,411237.592
221,211E,161490.153999999,408290.291000001
247,224A,163739.427999999,404894.614999998
248,114DCS,189162.563999999,401014.162000001
249,103HSL,162993.559700001,417645.849599998
250,108FTW,184283.375,405198.124000002
251,279B,177191.579999998,381478.399
252,287GA,186623.975000002,376111.927000001
253,292AA,180571.954,375264.908
254,275BD,179695.289000001,383539.585999999
255,275BE,179762.704,384248.072999999
256,114WMO,188767.795000002,402067.213
257,105AFT,175732.188999999,411978.816
258,AKW266,179518.23,418863.043000001
259,114A1,185407.556000002,395517.098000001
260,234VEL,173555.334800001,384380.8167
261,234BKS,168370.3706,392998.1833
262,234VDW,173522.984200001,384284.803100001
263,201F,170891.227000002,401119.375
264,102ROD,152560.341499999,418089.9822
265,251BKW,175938.257199999,398054.570900001
266,201M,175677.249000002,385561.342999998
267,251LVS,176595.372699998,397905.001800001
268,204BB,157569.057999998,409439.153999999
269,204CH,164520.674699999,409838.7236
270,204DB,163141.545000002,412493.853999998
271,261GBW,186387.4496,390371.203600001
272,320EIK,190686.2159,380253.160799999
273,261OKK,187113.377999999,390608.375500001
274,211MSH,172971.904599998,404869.173999999
275,242WMW,170880.827799998,401136.865499999
276,234BUS,172252.702599999,387647.5997
344,204L,167714.664999999,411552.09
345,107STW,180352.384,402519.489999998
346,110BHD,190614.278999999,404065.076000001
347,114CKS,187447.789000001,399016.228
348,217KEA,170021.074999999,396121.068
349,234AB,168434.089000002,399363.259
350,206EB,154656.817000002,407156.521000002
351,253A,173399.304000001,397875.748
352,254BRK,172333.028900001,395667.2304
353,103WBW,165900.065000001,417631.831
354,248AD,173730.164999999,399462.344999999
355,103BER,155400.098000001,415268.307
356,114BBA,184963.199999999,396899.397
357,114PPT,188332.467999998,402639.090999998
358,116KOR,148963.754999999,411228.460999999
359,201P,178756.026000001,378745.771000002
360,204BF,159282.335000001,410368.681000002
361,204CA,160625.2859,412506.801800001
362,204CKA,162575.4005,411085.065400001
363,204FP,170703.480999999,410644.537999999
364,204K,167416.923,411511.103999998
365,204O,168497.3464,411128.095199998
366,211EG,165928.925999999,408145.037000001
367,211HKA,171495.261999998,409351.899999998
368,211J,169695.763,405932.816
369,211JFA,174781.050999999,406679.094999999
370,211MI,175457.324999999,403451.993000001
277,AKW15D,194350.103999998,407435.734000001
278,292ZLB,180929.483800001,372191.189800002
279,PC0891180329155154,183631.413699999,386811.637600001
280,251LDW,176187.5517,397990.515000001
281,292VBN,182596.713,373298.026299998
282,234GGR,173307.427000001,385656.2608
283,204WSG,156831.170600001,410102.993999999
284,204BH,158259.348000001,410090.032000002
285,234LHA,170756.2553,391257.261100002
286,108ZTD,183576.75,406350.390000001
287,114P18,186302.386999998,397591.629999999
288,AKW286HV9,178680.8145,420043.485100001
289,108ST3,189194.995999999,405416.952
290,205KLM,155327.800099999,410230.5605
291,217BA,160977.454,405063.842
292,217EJ,167621.744199999,396945.793299999
293,279I,182175.774,378946.969
294,108AWS,183875.859000001,404106.824999999
295,275L,188135.015999999,374305.006999999
296,234PRR,170502.07,390678.379999999
297,108KFS,185316.556000002,406707.688999999
298,102SER,152282.806400001,415413.561999999
299,201LSE,156445.145300001,408190.118099999
300,205WAN,153821.382100001,411768.8763
301,205KAS,158614.355999999,407316.331
302,114OPL,191955.647999998,399817.134
303,201EPO,151307.7238,416910.015700001
304,201EPN,151315.089600001,416913.0277
305,201EPL,151330.002099998,416919.322900001
306,201EPK,151337.604800001,416922.532299999
307,253HEI,182216.623,391937.085999999
308,201EPI,151359.810199998,416931.906199999
309,201EPG,151374.414000001,416938.3499
310,201EPE,151388.845899999,416944.802000001
311,201EPD,151395.855900001,416947.936000001
312,253HUT,182404.833999999,391898.953000002
313,253HBW,177110.475000001,393005.177999999
314,V1KW115HV1,138011.636999998,408883.947999999
315,V1KW88HV1,140723.921,408894.385000002
316,V1KW56HV1,143892.692000002,408997.031
317,V1KW45HV1,145056.070999999,409007.717999999
318,204MRT,160958.605999999,408693.842
319,251JDB,179906.370999999,399120.263999999
320,280RKX,176764.921999998,381094.875
321,205KEL,158526.16,407310.122000001
322,234BDI,170860.100499999,386895.236200001
323,201WRG,153301.947999999,411664.662999999
324,201BSS,153973.677999999,411107.588
325,201OBW,153520.945999999,411284.401999999
326,108SFW,179216.954,418346.394000001
327,108PRW,179567.399,418163.989999998
328,108WWP,179180.096000001,417834.193999998
329,234CRA,169550.511,392759.596999999
330,113SBW,198483.234999999,400521.245000001
331,117MS,145864.449000001,414534.964000002
332,287DC,184424.885000002,376410.41
333,107P07,180988.653999999,410030.392999999
334,103KBC,166682.962000001,416918.943999998
335,114MRV,195068.2271,400539.470100001
336,205C,155040.585000001,411406.710000001
337,234CD,167293.704,391974.528999999
338,108EGW,179670.197999999,416351.213
339,234FC,175314.908,384706.844000001
340,114DMS,191545.932,400668.388
341,117HDW,145393.044599999,414705.799400002
342,217KAN,161856.535999998,404810.602000002
343,234PRD,172030.939199999,389489.403099999
425,204CIA,165681.603999998,410073.695
426,204CL,162363.4626,410442.603300001
427,204CLA,162661.195,409618.993999999
428,204CS,163530.776799999,409444.8303
429,204MB,168553.254000001,412091.416000001
430,104CUS,169239.3356,422628.3825
431,211HCB,169116.524,408240.153999999
432,211JD,172013.172800001,405933.051100001
433,211JE,172474.687199999,406423.545699999
434,211JM,171156.802999999,406617.916999999
435,211KAA,171413.984999999,404387.795000002
436,201BEU,153460.728999998,411235.339000002
437,211MD,173822.857000001,402994.096999999
438,201OBB,153463.715,411245.153999999
439,234CAA,170922.191,395999.873100001
440,204MA,168047.166000001,411912.732999999
441,211C,159709.081,408154.329999998
442,211JO,171922.664999999,406676.085999999
443,201BGK,153460.048999999,411229.381000001
444,201BSD,153461.355999999,411240.355
445,AKW178b,187938.335999999,418711.870000001
446,234G,173524.260000002,384295.274999998
447,234H,171831.057,382522.835000001
448,AKW178c,187938.715,418712.567000002
449,248K,179457.113000002,400335.355999999
450,251O,182719.142000001,395979.940000001
371,211MY,176666.511999998,402642.083999999
372,211N,172617.188000001,402110.602000002
373,235AA,168525.627999999,401115.638999999
374,245F,176260.559,401281.410999998
375,245G,176517.0,401220.443
376,246B,174108.787,400006.342
377,248JB,179026.145,399809.704999998
378,251LA,180957.085000001,395193.169
379,253I,177675.612,393057.230999999
380,253T,184893.195,391614.688000001
381,259A,173578.327,389280.048999999
382,245I,177063.033,401260.294
383,251CGA,177167.982000001,396331.710999999
384,253GC,179254.646000002,391482.181000002
385,261BIK,185639.673,383316.583999999
386,261BQ,187247.925999999,381895.837000001
387,261CN,187157.772999998,384842.317000002
388,261CS,185822.074000001,386052.441
389,261I,183623.385000002,389541.195999999
390,287B,180548.645,378170.077
391,238A,169753.142000001,400242.498
392,217E,163242.464000002,402444.706999999
393,254VWO,172382.447799999,396004.166200001
394,203IE,158817.657000002,406609.238000002
395,275PA,190250.852000002,375379.969999999
396,261MZW,177435.8378,389668.925000001
397,203K,156154.243999999,403476.794
398,217A,160806.155000001,406065.328000002
399,203N,157918.372000001,402268.666000001
400,240B,171069.195,399295.613000002
401,118VHL,143478.7227,412531.379999999
402,211LG,174634.465999998,404172.311000001
403,287DG,184771.057999998,378015.776999999
404,292AB,180351.015999999,374854.548
405,275JBA,188061.684999999,377802.653999999
406,251CQ,182444.329,395116.159000002
407,251NC,182448.988000002,396227.938999999
408,211MLF,178771.250999998,400976.923999999
409,251CJ,177997.776999999,396056.940000001
410,211LGA,174884.945999999,404416.269000001
411,217KE,166825.320999999,394160.677999999
412,234CPB,170421.888999999,393827.366999999
413,RHOLKW23HV1,146586.517999999,409850.1252
414,102CRB,148634.787,414520.978
415,117MPW,144679.059799999,411154.148699999
416,204RWG,168824.567000002,411258.491599999
417,108HGS,186278.030000001,410850.469000001
418,204EAS,169641.4866,411471.5911
419,114CHS,186978.940000001,398685.421999998
420,104BBN,178089.150199998,417588.511599999
421,104SCH,177524.5799,418155.923799999
422,204AC,159318.618099999,414640.597600002
423,204BD,158572.556000002,408751.988000002
424,204BJ,161087.175000001,413969.903000001
451,251P,183075.642000001,395409.044
452,253AA,176715.166200001,396350.415100001
453,253BB,176447.522999998,394232.028999999
454,261BP,186500.340999998,382091.936999999
455,261CQA,186934.852000002,387725.908
456,261CV,186733.603999998,385668.537000001
457,261FD,181153.285999998,388812.287999999
458,261FE,182033.901999999,388864.699999999
459,261JG,185836.333999999,390896.182
460,108GAR,182609.149,413280.774
461,275AB,178013.329999998,383271.971000001
462,275BA,180160.09,383394.578000002
463,275HE,187082.734000001,379666.640000001
464,280BDA,176398.419,377896.024300002
465,280E,175289.484999999,378765.59
466,294C,179276.1785,373592.846200001
467,294E,179008.887899999,372582.405200001
468,256AD,173821.478399999,393310.855000001
469,251OA,182966.853999998,395602.567000002
470,256AB,174759.4362,393157.758099999
471,110GGA,191142.659000002,409483.147300001
472,107PME,182093.085000001,411748.195999999
473,251CS,181194.993000001,395081.708999999
474,103JVL,163489.486000001,417962.067000002
523,211JCD,171044.659000002,405722.524999999
524,251CNA,177958.734999999,394354.186999999
525,102CQV,150105.373,415857.807
526,211BRA,166970.340999998,408997.620000001
527,104FRV,171150.938700002,418249.406800002
528,201I,172818.179000001,393758.758000001
529,201R,180029.802000001,375050.817000002
530,234SLD,171703.9531,387653.935699999
531,211MOT,171583.219999999,405842.986000001
532,261BIA,182748.563000001,383494.291999999
533,205KEE,158419.519000001,407325.682999998
534,261BIQ,183223.219999999,383378.199000001
535,251PLW,176883.557999998,397814.378800001
536,251LWS,176460.726399999,397983.326000001
537,234J,170892.467999998,381681.978
538,234BDF,170859.026700001,386738.6941
539,261CF,181777.833000001,387522.528999999
540,261CJ,185055.668000001,386748.793000001
541,275F,182940.177999999,380442.627
542,114GSD,191968.822999999,399923.552999999
543,287C,181636.379999999,378536.135000002
544,234BDG,170868.851599999,386747.952
545,234HTD,172053.919,387822.030000001
546,287H,186114.710000001,375548.833999999
547,292C,183170.243000001,375333.747000001
548,205HSS,158191.636,407477.114999998
549,201N,176265.945999999,383998.611000001
550,211JK,172397.1763,407147.1796
551,253BH,175043.704,394863.129000001
552,234PRG,171740.8475,389663.379900001
475,211LGB,174779.122000001,404317.094000001
476,114BBC,185247.447999999,397420.136999998
477,204BO,164741.502999999,414644.870999999
478,204DA,162728.465,413153.493000001
479,204FB,165020.752999999,411537.383000001
480,204FF,167984.48,410112.537
481,204FK,168509.443700001,410172.186299998
482,204FO,170110.159000002,410278.931000002
483,204HD,168380.516899999,413100.6994
484,204MD,168504.677000001,412388.140999999
485,205BA,153732.522999998,412138.855999999
486,211BA,159237.379000001,407770.035
487,211D,160587.225000002,408201.34
488,211HF,168470.072999999,408954.840999998
489,211JIA,173620.344000001,408066.357999999
490,211LH,175281.056000002,404431.728
491,287DJ,187127.881999999,377152.306000002
492,245B,173157.423999999,400373.031
493,251CKA,177724.637499999,394947.152800001
494,251CKB,178482.796,395315.465
495,251E,175385.261,398114.302999999
496,251JF,181337.528000001,398865.162999999
497,251U,186964.816,393088.875999998
498,253BA,175759.105,394060.438000001
499,275JA,186987.908,377489.659000002
500,205HSD,152882.263,411925.118999999
501,254BDB,172746.739700001,395442.273499999
502,254BDL,172253.815000001,395680.406599999
503,227CCA,169771.684999999,404011.127999999
504,108HTS,182284.425999999,402993.618999999
505,114MAR,195086.798999999,400528.313999999
506,114AVS,189476.029800002,398470.5077
507,203IB,159462.287999999,405236.659000002
508,108NOO,183844.456999999,407144.105
509,114MLD,194314.899999999,402964.267999999
510,110GG,191145.865499999,409486.697000001
511,253TA,185384.002900001,391904.858199999
512,256B,175152.6349,391958.846700002
513,261COA,188525.963,383670.833000001
514,261CU,186141.355,386456.379000001
515,261JC,186073.4815,392144.545200001
516,275E,181682.280000001,381690.013999999
517,275HB,187131.688000001,379504.59
518,287DI,186122.272,377197.146000002
519,287I,186692.739,375238.153000001
520,256AE,173780.7993,393034.132399999
521,110CCT,188621.318999998,403203.074999999
522,261CX,188073.261,385822.916000001
553,261BAF,177857.8411,389620.3838
554,217EA,166204.875999998,401094.820999999
555,232A,167067.351,401106.670000002
556,227D,167997.441,403768.138999999
557,112ESS,196113.989999998,403626.886999998
558,217GB,166282.857999999,400071.952
559,AKW286HV6,178686.983100001,420061.456900001
560,217PKD,161393.572000001,404927.291000001
561,108HOS,188780.943999998,404989.254000001
562,204CE,163512.017000001,411240.622000001
563,217CWG,169790.139600001,396872.616099998
564,107KLW,181950.739,401798.947000001
565,112A4,197055.101,399623.449000001
566,117MOE,144680.136500001,411153.196699999
567,103BES,153817.818999998,415745.809999999
568,108KAM,180988.57,414430.673
569,117GRO,146135.055599999,410090.737599999
570,201G,172219.039999999,400905.083000001
571,201Q,179683.822999999,378075.074000001
572,204BC,157947.914000001,409114.173
573,204BIA,158938.590999998,413008.147
574,204CTA,164327.541999999,408183.75
575,204VKS,165689.1259,414447.693599999
576,115LTH,161698.938999999,423755.091499999
577,234BUY,172259.613899998,387636.878899999
578,267VOB,176389.981699999,386517.458099999
579,201ZWV,156356.932300001,407970.713799998
580,201HAS,154175.690000001,411013.033500001
581,117GBB,146134.803199999,410091.730300002
582,117DTS,145277.925900001,409911.0693
583,HKW2a,141055.006900001,415222.5504
584,117DRS,145277.6494,409912.318999998
585,117RDD,143845.037900001,410683.881000001
586,275OTS,178464.782000002,383295.616
587,117RGD,143845.079700001,410684.997699998
653,201ASW,156641.1789,408118.202100001
654,114DZS,190011.624000002,402857.432999998
655,108CP,183644.272999998,406424.076000001
656,114VPW,190716.897999998,397187.407000002
657,203HE,157365.469999999,407213.162
658,108DZS,186033.2093,409218.139600001
659,250D,175232.574000001,398793.506999999
660,108HNS,189053.581999999,405115.324999999
661,114BSS,195500.256000001,400926.807999998
662,114DYK,194601.414000001,402834.035
663,280B,176578.463,380279.732999999
664,107GBA,180675.647,401086.357999999
665,112ETS,195806.329999998,403628.280000001
666,EKW11,196928.153099999,403472.828499999
667,108A24,190305.000100002,405583.967399999
668,261BG,181185.495000001,384603.743000001
669,238B,169511.116,399720.105
670,107HDB,181655.813000001,404969.693999998
671,113MOL,198611.859999999,400541.077
672,108STA,187282.1252,406449.2542
673,104BEA,162753.225000002,424047.138
674,118HBG,136311.719000001,413802.886999998
675,118HBS,135973.772,413691.045000002
676,118ZDK,135237.877999999,414017.600000002
677,118KLN,135855.760000002,414063.978
678,118UB,140483.991,413450.695999999
679,118DL,138836.452,414959.704
680,104OYE,163696.374000002,422936.513
681,118AST,134743.192000002,412856.228999998
682,118OMW,133958.307,413341.914999999
683,118NLW,136461.403000001,411858.620999999
684,AKW762CV1B,152820.912999999,418371.447999999
685,AKW762CV2,152824.539999999,418373.500999998
588,117MRG,144861.516600002,411640.495000001
589,267PVB,176329.557,386690.101
590,HKW2d,141049.674699999,415225.257800002
591,HKW2e,141050.622699998,415226.905699998
592,261WPD,180768.899999999,390075.568999998
593,HKW2f,141051.426800001,415228.610100001
594,261L,185826.489999998,390188.708000001
595,280BE,176687.800000001,378805.888999999
596,280RKW,176764.493999999,381097.035999998
597,117MTT,144860.5101,411640.1963
598,294KDN,179740.842,373866.583999999
599,117VEN,143451.8334,410948.9362
600,292KSB,183625.289000001,374796.102000002
601,110BCS,194626.4542,406645.078699999
602,292KEW,181535.056000002,375617.767999999
603,292KHW,181599.124000002,375902.892000001
604,292OSW,182142.265000001,373055.105
605,320SML,192065.138999999,378669.824999999
606,102CLS,153039.103,415156.868999999
607,275H,185500.895,379696.980999999
608,251HHD,186967.000999998,393089.024
609,251LDP,181088.212000001,394996.577
610,251CO,183119.355999999,395324.567000002
611,234GST,171659.184,387553.215
612,204CJ,161524.565000001,412294.813000001
613,234VMW,170986.232999999,387293.633000001
614,234VLW,170970.811000001,387314.778000001
615,234VAM,170986.463,387293.348000001
616,234GSS,171659.638999999,387552.952
617,234VLA,171613.693999998,387580.127
618,261VGD,187556.0295,383886.9287
619,117RDF,144815.670200001,410629.604699999
620,AKW919a,140073.716699999,417050.069699999
621,253V,186969.977000002,393069.670000002
622,117RUI,144815.9824,410631.081900001
623,HKW2c,141056.739599999,415225.964299999
624,HKW2b,141055.862100001,415224.2579
625,204HBB,166652.600000001,413032.354699999
626,204N,168040.131999999,411506.82
627,204EB,165742.362,414482.722800002
628,211K,170227.692000002,405041.260000002
629,254B,171076.013999999,396149.783
630,211JID,173631.800000001,408047.212000001
631,248B,173893.350000001,399373.813000001
632,267DML,176916.18,386680.083999999
633,267RIV,176494.217999998,386697.289999999
634,114VLD,186582.906,398404.938999999
635,205MLH,157650.639800001,407800.660799999
636,267RSN,177134.671999998,386795.208999999
637,267VST,176639.868000001,386703.578000002
638,275BHW,178274.070999999,383566.008000001
639,108MDS,188393.960000001,412359.054000001
640,267DRW,176397.899,385297.842999998
641,211MK,176746.840100002,402028.916700002
642,203MLN,156920.452,407394.875
643,117KVL,146140.045000002,414520.238000002
644,205BSR,153160.239,411248.289999999
645,202HML,152429.164999999,411694.372000001
646,AKW61,193531.8763,411025.8046
647,AKW274,179253.480599999,419201.4969
648,AKW121,190767.896000002,414290.193
649,AKW130,189884.630100001,414765.445300002
650,108VKW,187487.333999999,408124.631000001
651,203H,156178.305,407620.316
652,232AA,167281.6446,401319.02
686,AKW762CV1A,152800.544,418359.026000001
687,V1KW13HV2,147989.620999999,409250.673
688,V1KW73HV1,142213.890000001,408941.989
689,V1KW38HV1,145727.109000001,408840.366
690,V1KW38HV2,145728.879999999,408839.916000001
691,253VEN,179998.872000001,391665.552000001
692,251CBA,176117.743000001,397328.980999999
693,234SLO,172104.550000001,387853.138999999
694,201WMB,153302.504999999,411663.116999999
695,253HEN,182763.151999999,391714.620000001
696,108HDS,178922.077,419053.954999998
697,253HTN,182597.184,391803.362
698,204FH,167938.692000002,410574.710999999
699,261HAL,188745.395,383595.094000001
700,261BBM,176084.447000001,389960.923
701,248HA,176633.487,399513.945
702,253HAG,182797.868999999,391680.177999999
703,211MHS,172922.932,405361.502999999
704,234GF,172168.701000001,382705.234000001
705,119MDW,151520.452,409892.414000001
706,253OA,182525.092,391832.892000001
707,234SLE,171810.1512,387706.125500001
708,253BIE,174638.907000002,394363.929000001
709,253GRO,176366.026999999,392918.193999998
710,205HAF,158177.842999998,407426.077
711,234VOO,172402.552999999,382928.487
712,201DDK,176345.399,383551.352000002
713,234VRT,172479.725000001,382893.796999998
714,102BRS,150218.278000001,413022.662
715,AKW1004HV1,133348.085000001,413863.324000001
716,205BBN,153318.153000001,411951.418000002
717,204BG,159665.955400001,409793.984099999
718,102SVR,147443.932,416424.901999999
719,217KDY,160633.344999999,405850.276000001
720,204LEI,167432.215999998,413018.831999999
791,234HRD,169539.014600001,393407.436500002
792,117LS,146554.728999998,409877.306000002
793,118CL,139349.686999999,416140.646000002
794,118EWB,136269.07,410433.714000002
795,118GN,139563.852000002,410152.804000001
796,118HY,141726.443,412188.146000002
797,118UN,137815.324000001,409732.217
798,211BMD,168871.850900002,407552.616799999
799,211DRF,158702.077300001,408532.464000002
800,211MW,176941.554000001,403239.721000001
801,234FA,174003.477000002,385044.127
802,101BOS,157055.857999999,423363.162999999
803,102BFS,152847.509,418076.68
804,103HOE,152859.778999999,418072.614
805,103ZZA,160971.791000001,420872.324000001
806,104CX,173979.481199998,422352.031300001
807,104CY,162677.552000001,422276.298
808,104N,169440.197999999,421919.120999999
809,104NA,168713.102000002,424456.478
810,117LK,146928.961100001,409207.864399999
811,118AVA,136034.114,415562.162000001
812,118ESB,139428.982000001,409768.202
813,118UK,137769.441,409162.338
814,118EO,137849.664999999,409688.649999999
815,117NS,142196.831,414258.611000001
816,101AUS,160000.943999998,421391.975000002
817,101BZS,155863.585000001,419426.620000001
818,101CTS,154093.653999999,421863.265000001
819,101ITW,161938.272999998,423564.838
820,103BIC,163282.636999998,422546.498
821,103BIE,160975.295000002,420864.353
822,103DRI,161844.794,420646.820999999
823,103DVI,161357.432,420159.011999998
824,103KSS,160637.693999998,420331.434999999
825,103LGZ,157368.190000001,417492.028999999
826,104LA,168310.723000001,421572.015000001
827,103BIF,164548.162999999,421884.833999999
828,103DV,161183.721000001,419651.191
829,103DX,160363.745999999,419464.254000001
721,261BLW,187257.291000001,381888.903000001
722,261LGD,188118.893300001,381737.1028
723,234FB,174853.688999999,384852.800000001
724,230A,166374.067000002,401502.381000001
725,292A,180034.245999999,375060.230999999
726,105PET,176509.493000001,414183.657000002
727,104FGV,171079.682,417303.078000002
728,211MLD,178787.531,401275.149
729,109VES,191572.037,414180.671999998
730,103KZI,158183.247000001,419542.052999999
731,101BYS,156886.875,420206.590999998
732,103KYS,158406.078000002,418762.228999998
733,104FQS,161824.504000001,423731.059999999
734,104VLI,162129.105999999,425534.034000002
735,101ALS,160811.162999999,421291.18
736,101ARS,158796.598999999,421589.116
737,101B2,155732.763999999,423372.171999998
738,101BMS,157357.339000002,423816.081999999
739,103ATS,154294.375,416755.388999999
740,103BBT,154222.471999999,416712.366
741,103KFS,159364.111000001,417836.526000001
742,103VWS,160293.800999999,420001.859999999
743,104AC1,167131.252,424337.028999999
744,104GU,168209.181000002,423655.649
745,104STA,164149.658,423154.596000001
746,101AGS,160213.192000002,421855.142999999
747,118HF,139630.063999999,412684.202
748,101AWZ,159136.364999998,420096.780000001
749,118AS,134762.030999999,412653.289000001
750,104CU,163241.908799998,422574.2564
751,118AQ,135514.462000001,412151.602000002
752,118AYS,134814.370999999,414632.554000001
753,118DR,138749.471999999,413359.620999999
754,118EDD,136208.688999999,410673.133000001
755,118GC,139472.295000002,409388.596000001
756,118HA,140350.465999998,411654.656
757,117NQ,142403.535999998,414659.721999999
758,118ABS,137961.818999998,412194.513999999
759,118AQB,136067.311000001,412059.669
760,110HAA,191929.844000001,410244.785999998
761,116GSW,147267.923,413874.879799999
762,217EE,168048.434,398893.888
763,205BER,153422.924400002,412076.321199998
764,108EH,187835.182,405471.213
765,EKW1C,197552.532000002,402605.136999998
766,234PRE,171980.561999999,389552.949000001
767,114DMW,188282.6631,401821.335999999
768,108GO,188067.784000002,409399.127999999
769,110CCU,188584.447000001,403108.188000001
770,102CTS,150347.342999998,415231.638
771,108KLF,182623.7535,405990.671100002
772,118CH,139134.905999999,413742.697999999
773,118CLA,139830.467999998,416063.511999998
774,118DD,140779.362,414938.976
775,118DG,140308.026000001,414567.556000002
776,118ED,136182.188999999,409574.118000001
777,118EV,137296.543000001,409788.938000001
778,118GW,140120.381999999,411583.324999999
779,118HD,140108.666000001,412516.583999999
780,117VDF,143831.750700001,410907.106800001
781,103DVK,161734.271000002,420367.449000001
782,118KU,141299.662999999,413844.684999999
783,103MIK,162564.978999998,421011.486900002
784,101BXS,156604.789999999,422266.681000002
785,103AAS,156966.484000001,417580.418000002
786,103BIM,163975.925999999,421464.699000001
787,103KQZ,158939.901999999,418744.577
788,103KRS,160747.452,420757.443999998
789,103ST1,161864.043000001,420646.506999999
790,104CR,163479.3499,422820.121300001
907,103LCZ,157157.028999999,417900.557
908,118HMA,141293.427000001,412061.465999998
909,101AHS,161234.636,422411.390000001
910,104LN,169461.818,424300.813000001
911,234GC,173130.212000001,383936.951000001
912,234BDA,170873.846999999,386685.456700001
913,103ASS,154511.93,416207.375999998
914,234SLA,171139.7848,387383.1448
915,234SCH,171932.515999999,387766.374000002
916,205KSL,158639.960999999,407314.103999998
917,253HEK,182722.206999999,391724.767000001
918,103KTG,161315.48,418654.281
919,104STB,168222.010000002,423978.353500001
920,253HKR,182613.293000001,391788.818
921,248HB,176750.929000001,399502.427999999
922,117MKA,145581.164000001,412373.133000001
923,103LGA,157414.842,417392.574999999
924,104AF,167894.0647,422837.070300002
925,104CA,162615.491799999,425717.558499999
926,103DV3,161798.68,419598.625999998
927,101AQS,158302.927999999,423049.022999998
928,104CT,167884.373500001,422823.907200001
929,234WKW,169977.6226,392469.800099999
930,103KTS,164855.136,422193.559
931,205KNL,158208.548999999,407410.024
932,234HOR,171990.241,387793.513999999
933,118AYA,135319.022,415134.684
934,234BMS,173144.127900001,386611.691199999
935,205HFS,158183.214000002,407445.465
936,103KRV,163157.399,422474.177000001
937,234GE,172272.313999999,382830.800999999
938,234SLG,171841.989100002,387722.351599999
939,103KUS,158787.278999999,417863.588
940,101APS,158078.971000001,423508.848000001
941,114RDF,191935.886,399653.748
942,253KAA,182975.322999999,391655.103
943,234BSS,173234.765799999,386559.0779
944,114OLD,191962.149999999,399869.57
830,103KTZ,159743.668000001,419609.798
831,103LTS,157574.550000001,417069.248
832,104AA,168419.077,422116.745000001
833,104ASZ,166679.409000002,423290.727000002
834,104B,170091.752999999,421879.732000001
835,104MSB,166351.028000001,422907.765999999
836,102RMD,152581.443999998,418065.440000001
837,104LPS,173178.545000002,422976.614999998
838,104MGT,171919.419,421173.175000001
839,104AD,166676.796,423291.480999999
840,104FTW,174339.820999999,420159.960000001
841,103KSJ,159988.111000001,420225.197000001
842,117NK,142397.574999999,416259.603999998
843,117VD,144211.318999998,409368.611000001
844,118CE,139579.416999999,413311.359000001
845,118CSA,138783.971000001,416263.243999999
846,118KF,141635.732000001,412468.565000001
847,118UU,143211.988000002,412430.789000001
848,118AK,135070.5502,413273.563000001
849,118CC,140431.978999998,413911.543000001
850,118CX,138059.179000001,415412.353999998
851,118DT,137833.938000001,413618.427000001
852,118KD,142365.789099999,412636.7509
853,118US,140958.197000001,411856.673
854,103BII,164077.5326,421668.181200001
855,118GTS,136230.789999999,415677.727000002
856,118HGP,141294.197000001,412061.653000001
857,118HDW,137746.537,414026.539000001
858,118ABT,137949.059999999,412177.747000001
859,118GRS,135838.936000001,415425.906
860,118KSA,142379.307999998,413856.568
861,104ICU,162596.799899999,423638.146200001
862,104HRS,168308.335999999,421570.923
863,104BRS,170457.932999998,422729.668000001
864,104DPW,169348.122000001,423966.879000001
865,118OVL,136231.592999998,410744.024
866,104G2,169244.684999999,421516.804000001
867,103VOO,162422.941,420715.635000002
868,103FOR,162312.976,420638.875999998
869,103KZA,158185.892000001,419516.916999999
870,103KPS,158612.774999999,418256.311999999
871,118ADAS,136766.809999999,412212.208999999
872,101AOS,159758.420000002,423045.545000002
873,101B1,155458.410999998,423453.920000002
874,101CXS,154147.397,421491.215
875,101CYS,153721.427000001,420232.693999998
876,102CDS,152580.362,418067.419
877,101BPS,157556.171,422252.517000001
878,101CMS,154064.188000001,422162.092
879,103AKS,155726.752999999,417262.215
880,103BIA,164063.316,421853.272999998
881,104FVW,174143.416999999,420123.706
882,104Z,171103.022999998,424753.934999999
883,101ASS,158401.987,420430.833000001
884,101AYS,157513.923999999,419854.039999999
885,101COS,156013.739999998,422691.679000001
886,103DR3,160461.453899998,420599.336800002
887,103KAS,161049.122000001,418531.778000001
888,103KMS,160728.013,418807.772
889,104AC2,167347.449700002,424326.914999999
890,104AX,166719.866,423753.392999999
891,101BQS,156917.491,423270.805
892,103AGS,155953.572000001,416583.013
893,103LSA,157596.202,417014.686000001
894,117NSK,141423.368000001,414116.041000001
895,117MW,142270.960000001,414272.965399999
896,118EDG,135853.408,411209.096999999
897,118EWF,135886.228,411224.184
898,118KK,141501.592,413038.412000001
899,118UD,140461.405999999,416613.109999999
900,117LKA,146920.767000001,409182.921
901,118DK,139058.454,413754.081999999
902,118HN,138848.554000001,412961.213
903,118KR,142280.337000001,413314.870000001
904,205KTL,158566.480999999,407310.552999999
905,101GWD,152918.765999999,418156.102000002
906,103KOZ,159136.175999999,418171.464000002
945,201JSL,180944.475000002,371632.929000001
946,275SBN,187996.629999999,379123.329999998
947,205KER,158477.943,407313.581
948,234PRO,169837.080200002,392645.5108
949,234BDB,170858.897999998,386697.418900002
950,234BDC,170847.557700001,386709.165800001
951,234SLB,171143.3565,387384.4428
952,234BDJ,170854.373500001,386900.867699999
953,234I,171542.056000002,382234.859000001
954,234GD,172697.702,383612.717
955,114RIE,191909.118000001,399590.061999999
956,114OSD,191944.954999998,399726.642000001
957,234SLC,171150.096500002,387390.013999999
958,234SLF,171826.774700001,387715.904199999
959,253HAA,182895.397999998,391647.601
960,117GMW,147921.618999999,410046.2117
961,205HST,158162.899,407535.756999999
962,234STL,172016.079,387804.677000001
963,114RTD,191866.145,399515.114
964,261HTE,188780.2916,383858.5306
965,275SEB,187671.370000001,379146.600000002
966,275PLD,187004.899999999,379473.02
967,275LEV,188338.417399999,379448.447000001
968,275PSB,187483.039999999,379116.289999999
969,275LLD,188326.57,379093.199999999
970,275VLD,188192.359999999,379105.829999998
971,261LGV,187707.044,381658.460000001
972,275STB,187836.928300001,379472.431499999
973,275SNO,187597.401799999,379486.9384
974,275POL,187039.890000001,379225.699999999
975,275PDD,187025.0788,379460.743000001
976,251HAN,173880.130100001,398328.2654
977,AKW138,189423.737799998,415318.440000001
978,107AMW,181655.029399999,406548.404599998
979,PC0891180327103818,183316.289900001,384256.092799999
980,AKW109,191825.771000002,413887.154599998
981,251HDS,173926.1305,398337.218600001
982,251LVE,176448.863600001,397959.5704
983,104BRE,172252.458999999,415366.355999999
984,107EDS,181876.046999998,402210.798
1045,AKW895b,142396.2324,416569.3895
1046,261HLF,179541.3004,388530.713399999
1047,261HLN,179463.3981,388524.754500002
1048,AKW895d,142394.781199999,416599.867800001
1049,261HLM,179472.332600001,388519.9089
1050,AKW895a,142398.432500001,416566.834600002
1051,AKW895c,142396.8847,416600.225000002
1052,261HLI,179511.552000001,388525.740600001
1053,261HLJ,179502.2216,388523.403000001
1054,261HLE,179550.729800001,388532.456500001
1055,261HLH,179521.380100001,388527.3664
1056,261HLK,179492.126800001,388521.5834
1057,261RLI,178220.329,388513.828000002
1058,261RLH,178222.989999998,388494.638999999
1059,261RLG,178231.533,388475.565000001
1060,261RIJ,178269.410999998,388434.326000001
1061,261RIP,178288.432,388432.688999999
1062,261SCH,178571.294,388502.193999998
1063,261SCW,178550.234000001,388493.859999999
1064,261HLD,179560.640999999,388534.607000001
1065,261HLG,179531.071600001,388529.037300002
1066,261N,188003.813000001,390911.191
1067,261BKA,187275.970600002,381899.274700001
1068,261CZ,188442.271000002,384526.732000001
1069,201KML,173573.923,388912.320999999
1070,201STL,174681.589000002,389635.094999999
1071,261WLS,175884.526999999,389682.620000001
1072,291BHP,180637.261,375873.162999999
1073,322HVN,173781.451000001,390861.359000001
1074,201LGS,166942.429000001,400850.184
1075,211BOK,172384.1448,406176.3103
1076,108HKS,187512.912,406642.125
1077,217L,170173.465999998,396795.272
1078,105AGS,175510.214499999,411400.288600002
985,201RWG,155163.23,409379.763099998
986,201D,166929.741,400893.267000001
987,261MZU,177474.826299999,389648.967300002
988,217HGL,168677.397,398505.877999999
989,116GVS,147267.3092,413878.0178
990,217EK,167764.835000001,398482.170000002
991,108KUI,184074.030000001,406774.658
992,114STP,190128.749000002,401301.351
993,114CTA,185462.077,400483.938999999
994,206EA,154972.921,408552.993000001
995,261JIA,187294.329599999,390848.853399999
996,251JC,178470.645,397957.754000001
997,217LNT,168255.4683,398573.8541
998,OZOR3HV1,189726.475200001,407505.711599998
999,107GRB,189025.432599999,413626.757100001
1000,104DA,170134.693999998,421932.169
1001,261MZL,177602.789700001,389517.148400001
1002,261MZP,177560.489100002,389599.648899999
1003,261RLP,178147.656,388772.419
1004,117RTV,146310.493900001,413469.984499998
1005,261HLL,179482.285500001,388519.964899998
1006,261RLO,178168.727000002,388767.008000001
1007,261RLN,178198.524,388743.824000001
1008,261RLM,178196.528000001,388711.995000001
1009,261RLK,178233.829999998,388558.728999998
1010,261RLJ,178231.655000001,388530.487
1011,280H,177119.875799999,375582.4474
1012,234LHF,170688.868099999,391534.023899999
1013,114DMK,191981.469999999,400029.359000001
1014,108KHS,185048.434999999,407861.791999999
1015,217JB,166439.653000001,395920.239999998
1016,253CA,174851.739999998,394003.333999999
1017,261BIJ,184969.021000002,383099.603
1018,261CIA,184677.763999999,386799.188000001
1019,275JIA,188531.068999998,377086.616999999
1020,108MAS,189572.267999999,406036.781
1021,AKW785HV2,151442.785,416880.225000002
1022,108DY,186732.640000001,408032.892000001
1023,114P16,186587.993000001,398403.701000001
1024,114DWS,190194.226,402361.625
1025,261PEE,185560.904100001,391781.467700001
1026,261BJ,182786.655000001,382861.932
1027,227BA,166345.887400001,405490.0086
1028,108EFS,185984.877999999,406997.039999999
1029,205MOL,157988.5649,407856.138999999
1030,203I,156296.502,406922.256999999
1031,114AWS,190803.666499998,397633.522300001
1032,253AAW,173086.219999999,395924.881999999
1033,227H,170879.004000001,403212.142999999
1034,114CID,187100.046,398420.024
1035,114BOS,193498.658,400035.008000001
1036,294EA,178955.973000001,371820.295000002
1037,201VDS,165841.265999999,402852.440000001
1038,203HKN,157397.168000001,405788.105999999
1039,227B,165464.863000002,405116.857000001
1040,239KEL,169831.217700001,400537.573800001
1041,206NLW,154782.7104,406630.125799999
1042,256BA,174411.327300001,391104.934500001
1043,107P02,181500.34,413081.594000001
1044,203J,156001.787,404853.186000001
1079,217GDW,163079.475299999,402497.588
1080,275WRW,187164.257800002,379524.239399999
1081,114DRS,188752.745999999,402058.988000002
1082,AKW79,193357.515000001,412530.416000001
1083,234AE,171059.484000001,397265.263
1084,224KDW,163113.962000001,405382.366
1085,AKW136,189603.616,415113.127
1086,107GTB,180523.831,404251.484000001
1087,202ORP,153038.6138,411376.431899998
1088,261CTD,186256.370000001,384642.445
1089,217EDA,169209.147999998,397689.941
1090,275JG,188222.953000002,377863.947000001
1091,114BKS,192958.820999999,399221.418000001
1092,211NA,173436.398899999,402212.1567
1093,108HRS,183059.174600001,404407.182
1094,108KES,185071.824000001,406182.653000001
1095,217EN,167667.43,397577.670000002
1096,118AFS,136625.5627,413025.888300002
1097,204UDF,171173.6972,412172.246100001
1098,204BKG,167046.668000001,412879.741999999
1099,204HOA,167807.557999998,413133.600000002
1100,204VIN,157401.98,413949.092
1101,261DNL,176047.618000001,389236.895
1102,261DRL,176023.798999999,389105.252
1103,234BOS,170881.386,395995.59
1104,211DRS,172021.348000001,408334.015999999
1105,234SBW,171955.552999999,384249.164000001
1106,234NHI,171581.272999998,385997.25
1107,234STA,171672.796999998,385890.581999999
1108,108BT,185268.072000001,405771.033
1167,250A,173779.800999999,398563.017000001
1168,251JA,177804.504999999,397839.065000001
1169,275A,177311.688000001,383486.094999999
1170,234CI,169831.357999999,394802.313000001
1171,117MRF,145235.703000002,414995.835000001
1172,248AB,174479.451000001,399685.550000001
1173,250AA,174114.889899999,398642.230099998
1174,103BID,162473.829,421505.603999998
1175,261FC,181822.634,389683.723000001
1176,275HD,188888.793000001,379431.544
1177,275I,186479.23,378335.806000002
1178,280F,175581.147,377478.149
1179,104KNA,172093.541000001,423169.749000002
1180,287J,187514.274,375275.993999999
1181,107PMA,181931.419,411352.078000002
1182,103SZB,164753.342999998,418127.43
1183,261JS,188147.155000001,387818.131999999
1184,104KNC,171578.144000001,422795.302999999
1185,108BS,185074.482999999,405632.208999999
1186,248AC,174802.331999999,399607.868000001
1187,261BEA,179398.818,386230.789999999
1188,108HOO,189689.467,407035.793000002
1189,211I,168848.396000002,407577.228
1190,211L,171519.607700001,403966.0449
1191,108WAN,186248.031,409086.504000001
1192,104FIV,171052.511999998,417313.945
1193,117MU,143933.092,413480.912999999
1194,117NH,144665.789000001,415173.647999998
1109,116KOO,146966.390000001,411806.458000001
1110,261HLT,188148.666000001,381752.215
1111,275KDN,191998.800000001,376672.708000001
1112,275SNB,187315.397,380278.715300001
1113,267VLS,176678.344999999,386701.66
1114,267RSL,176361.281599998,386745.451400001
1115,267OVL,176854.526000001,386687.673999999
1116,267RAN,176573.715,386707.822999999
1117,267RLA,176741.173,386697.949999999
1118,234BCH,169233.078000002,398292.962000001
1119,261HAK,179861.055,389675.090999998
1120,117LNW,146229.82,414916.517000001
1121,114BLP,185461.914999999,395596.839000002
1122,204HKA,168874.670000002,413215.521000002
1123,211KRB,171366.510000002,405797.322999999
1124,211MTN,171558.978999998,405875.761999998
1125,211LPS,171369.750999998,406648.151000001
1126,107PMD,182030.778999999,411654.833999999
1127,205DA,156508.842,410515.267000001
1128,211KAB,171674.7544,404859.719900001
1129,117LEP,146026.656,414423.649
1130,261GPV,177703.706,389039.177999999
1131,261BAK,179938.473999999,389830.374000002
1132,261MOL,179580.052999999,388528.168000001
1133,261JBA,185104.943,390870.609999999
1134,103LRB,158267.892000001,416558.989
1135,267RVS,176531.363000002,385655.309999999
1136,104WTL,169879.785,421141.140999999
1137,234EK,172435.267000001,389100.545000002
1138,108IJZ,185454.397,409839.964000002
1139,280BB,176192.478,379689.416999999
1140,108PAP,188705.546999998,407319.916000001
1141,217AC,160404.386999998,404232.504999999
1142,234CE,167153.460999999,391458.862
1143,245EA,175775.421999998,401035.034000002
1144,251CD,176719.75,396368.890999999
1145,251CL,178179.752,394440.653000001
1146,261BAE,179258.067000002,389463.940000001
1147,251CF,177812.182,394523.52
1148,108BZ,185906.736000001,405908.199999999
1149,205WAM,153822.594999999,411767.326299999
1150,280X,174764.215,378629.783
1151,211WSH,172158.508000001,408621.243999999
1152,211MEL,172354.366999999,408287.890000001
1153,211DRN,172216.123,408984.620000001
1154,211BHS,172215.443,408984.568999998
1155,211BRD,172011.522,408897.688000001
1156,211BRK,172011.829,408897.778999999
1157,105BBW,178438.068999998,415950.545000002
1158,101GWN,152893.32,418156.559
1159,103MKL,162600.030000001,420605.925000001
1160,108GZ,186478.028000001,410619.596000001
1161,204DC,163411.467,411950.374000002
1162,253BD,176870.287,394389.188999999
1163,118UF,137060.344999999,415924.690000001
1164,211MC,173527.363000002,402936.375999998
1165,211MQA,175701.601,404914.838
1166,211MQB,175247.397,405352.701000001
1195,108NRK,190262.842999998,405362.614999998
1196,108CV,185289.460000001,406999.210999999
1197,204HA,166380.739999998,412697.322000001
1198,110VLT,192728.397,410452.912999999
1199,211NH,175419.852000002,402025.934
1200,104FBW,172986.171,423145.0
1201,104FXW,170702.500999998,420463.532000002
1202,110VLL,192261.872000001,410075.710000001
1203,101KSW,155985.471999999,423034.353999998
1204,104STU,168781.831,422045.725000002
1205,107HD,181360.421,404000.601
1206,106UFS,187346.868000001,415981.322000001
1207,113GTS,198613.726,400543.824000001
1208,114BBB,185053.717,397110.447000001
1209,201L,176167.879000001,386708.837000001
1210,204AG,160437.088,414641.403000001
1211,204B,154914.958000001,412452.572000001
1212,204CU,164722.278999999,408765.074000001
1213,204MC,168568.065000001,412188.818999998
1214,204F,164838.287,412579.477000002
1215,204HC,168104.258000001,413041.934999999
1216,204FDA,167124.827,410348.693999998
1217,204FI,167552.061000001,410562.034000002
1218,204H,165836.283,412334.721000001
1219,211LB,172207.574999999,404083.84
1220,211LK,172422.552999999,403407.642999999
1221,211LQ,175339.98,403797.203000002
1274,201PVB,175954.587000001,387500.68
1275,261CK,185889.129999999,386588.033
1276,116CRV,147180.436000001,415937.419
1277,204HO,167134.559999999,412008.541000001
1278,234CM,170351.833000001,394722.434999999
1279,201VDL,174629.151000001,389030.221999999
1280,201RBL,174752.552000001,389160.602000002
1281,261WRL,175759.906,389776.489999998
1282,261MBS,175800.557999998,389780.912999999
1283,261ZVS,175928.647,389693.544
1284,267ROW,176915.243999999,384784.300999999
1285,261DDL,175995.739999998,388950.173999999
1286,234PDL,170833.557999998,395959.967
1287,234BVD,170742.190000001,385992.18
1288,253LD,180676.686999999,391399.559
1289,253BG,174322.173,395309.203000002
1290,107P11,179858.984000001,405436.561000001
1291,101AES,160616.026999999,422556.594999999
1292,114AXS,191716.954,399151.368999999
1293,204M,167922.331999999,411617.484999999
1294,232C,168519.355,401792.302999999
1295,117DGT,144957.768100001,412400.016199999
1296,108BAB,182439.822000001,402212.392999999
1297,240D,172183.425700001,398384.4804
1298,203M,156989.471999999,402160.462000001
1299,204AA,154917.633000001,412477.845400002
1300,117LKP,144912.501200002,413917.489399999
1301,114P17,186125.691,398019.397999998
1302,114LES,195698.535999998,406058.693
1303,102HDF,151515.749000002,415885.583999999
1222,211ME,174206.73,403042.603
1223,234CN,170846.888900001,394972.379900001
1224,234FH,173908.327,384307.182
1225,248F,175594.464000002,399462.666999999
1226,251CK,177706.232000001,394931.756999999
1227,251Q,183550.031,395037.980999999
1228,253E,175511.151999999,393194.039000001
1229,253K,178417.624000002,392877.620000001
1230,261BAC,179629.892999999,389645.524
1231,261BIE,184496.757199999,383630.547200002
1232,261BL,183861.877,382740.666000001
1233,261CR,185058.897,386334.105999999
1234,261CW,187278.636999998,385830.960999999
1235,261JN,186450.384,388963.390000001
1236,279C,177914.927999999,381384.07
1237,234FHA,173962.704,384914.4175
1238,204BK,162113.147,414526.765000001
1239,261BHB,181463.596999999,384068.530000001
1240,103BAS,153985.912,415902.401999999
1241,255A,173042.997000001,394354.135000002
1242,251CLB,178907.401000001,394357.364
1243,108RWZ,189995.541000001,411840.409000002
1244,201ATL,174970.778000001,390000.243000001
1245,204HM,169499.256999999,413490.203000002
1246,217GER,168981.826400001,398036.7557
1247,234AC,170331.1778,396805.087400001
1248,114FFF,191687.795000002,403131.364
1249,234CB,168396.761700001,393009.0462
1250,201B,158609.015999999,406967.074999999
1251,108KLD,183385.374000002,407208.083999999
1252,112A5,196810.548,400181.708000001
1253,107P05,181651.328000002,410512.844999999
1254,211FVP,164250.3365,406980.768199999
1255,108BKK,186240.318999998,408493.526999999
1256,211EB,163931.894000001,405955.318999998
1257,114CC,188934.7586,403169.491799999
1258,114DOZ,190153.952,400296.204100002
1259,204CK,162625.135000002,411385.706999999
1260,201JA,173662.105999999,390908.732000001
1261,201K,174945.291999999,390095.916999999
1262,204CM,161683.245099999,410781.7951
1263,204CR,164037.1976,410537.024700001
1264,204EA,165457.707699999,414294.888599999
1265,204ED,165567.579999998,416087.531
1266,204FG,168093.403000001,410145.140999999
1267,204HBA,166825.816,413051.890999999
1268,211HFA,168481.276999999,408963.649999999
1269,275VSF,181856.081999999,381411.585000001
1270,251LVW,183035.436000001,395175.291999999
1271,234GHS,171660.969999999,387552.392000001
1272,234VOW,171613.276000001,387580.465999998
1273,201VSB,176286.302999999,386288.815000001
1364,104VDW,177943.802000001,416731.09
1365,105HHT,176377.631999999,413198.035999998
1366,105PVS,176801.993999999,414397.921999998
1367,105BRM,174122.318999998,412435.192000002
1368,108BRK,182644.844999999,415215.601
1369,108ZHW,183995.368000001,408591.215999998
1370,104FTX,171309.243999999,418602.451000001
1371,108TDE,183644.774,412752.252999999
1372,275JR,187250.249000002,377069.791999999
1373,275ONW,186768.728999998,378060.886
1374,267RIE,176464.105999999,386707.158
1375,267RNL,176763.373,386696.727000002
1376,267OVP,176830.282000002,386692.561000001
1377,267RIS,176519.824000001,386710.905999999
1378,267RIN,176598.070999999,386706.429000001
1379,267RIG,176392.936999999,386729.537999999
1380,253HGS,175103.405999999,395952.061000001
1381,267GZL,176418.059999999,385454.809
1382,114HKW,193593.505399998,403733.0079
1383,114HKS,193594.656300001,403734.0715
1384,292MEW,185549.118000001,375513.649
1385,204KAN,165854.734000001,412671.307
1386,204WAM,155223.366999999,412361.502
1387,204UDD,170797.866999999,410715.177999999
1388,227RKW,167971.844799999,405645.998399999
1389,102SLU,147514.93,415995.708999999
1390,106DDL,186082.414999999,418076.385000002
1391,106BBN,186386.997000001,415635.782000002
1392,108MEW,178702.897,420084.914000001
1393,108ATD,182622.965,413279.513999999
1304,102CAN,153246.695999999,415060.543000001
1305,267PEK,176863.361000001,385602.783
1306,211KVG,170400.651999999,407124.449000001
1307,211BRS,170251.927999999,407034.377999999
1308,211NON,170210.004000001,407146.125999998
1309,211KLV,170364.032000002,407100.425000001
1310,211RTM,172019.177999999,408335.921999998
1311,211IND,172624.798,408002.133000001
1312,201EPM,151322.490800001,416916.151999999
1313,201EPJ,151344.971900001,416925.642299999
1314,201EPH,151367.057500001,416935.061099999
1315,201EPF,151381.489399999,416941.513099998
1316,107EQR,178729.903000001,409500.515999999
1317,211IDN,172631.480999999,408342.625999998
1318,108BQ,184856.149,405465.738000002
1319,108EA,186909.651999999,407545.974
1320,108HBR,184176.653999999,414754.664000001
1321,108FNR,183742.203000002,409164.208999999
1322,108HOL,184773.877999999,410843.765999999
1323,108HQR,186035.576000001,411811.552000001
1324,108NBR,186689.905000001,413671.677999999
1325,107EFS,181578.482999999,406796.769000001
1326,107ERS,179824.903000001,409448.392999999
1327,104UDL,172569.594999999,419044.528000001
1328,105ABS,176718.677999999,413501.612
1329,108HMS,190266.594000001,405796.727000002
1330,105OMK,177558.033,413962.228
1331,105ONS,178354.616,415455.263999999
1332,105PES,176271.587000001,414407.327
1333,106UHB,183732.682999998,416620.566
1334,107ECK,180436.265000001,406439.351
1335,107ECL,180096.884,408126.204
1336,116BRB,145484.927999999,411856.316
1337,117RRF,144813.904100001,410619.798799999
1338,117HDD,146742.039500002,410339.2207
1339,117HMS,146734.067400001,410331.102200001
1340,104ESS,173445.324000001,419130.486000001
1341,105LBW,176586.169,412315.401999999
1342,105LHW,178734.103,415231.552999999
1343,107JGW,179957.320999999,409017.664000001
1344,107SPW,180226.384,409529.085999999
1345,107HFW,181074.909000002,410147.717
1346,107NEL,179989.208000001,409844.408
1347,108GSD,183547.346999999,410670.765999999
1348,104KRS,174687.256000001,417099.914000001
1349,104VEN,177477.603,416702.662999999
1350,104KPS,174607.809,417164.425999999
1351,104DSS,170845.853,418508.401999999
1352,106BSB,186398.743999999,415609.774999999
1353,108VNW,180483.123,413989.173
1354,105GLS,178295.094999999,411055.984999999
1355,105PLW,176969.142000001,411775.585999999
1356,108CB,185977.625999998,406968.423999999
1357,108CI,182913.897999998,406154.859000001
1358,108DW,186372.447999999,407564.943999998
1359,211BSN,171868.133000001,408810.396000002
1360,105SAW,178464.664000001,415384.385000002
1361,107KTW,180320.921,407025.250999998
1362,107VKW,179703.418000001,408020.094999999
1363,107KPW,179953.958000001,406779.431000002
1394,108ACH,184770.739,410851.048999999
1395,108JCD,179533.125999998,418841.544
1396,108DS,187140.34,402695.243000001
1397,108IHS,190613.133000001,409428.392000001
1398,261MZS,177515.8596,389628.655499998
1399,102KKW,149682.967099998,413022.919300001
1400,211BKD,172350.8376,406303.594700001
1401,108XS,190009.778000001,406553.888
1402,234PRJ,171233.648699999,389939.477200002
1403,108KKV,188300.316,404768.122000001
1404,227VEN,167024.732000001,405353.793000001
1405,254LBW,172375.736400001,396019.681400001
1406,234GB,173168.528999999,382378.363000002
1407,217J,165965.307100002,396998.442499999
1408,104ER,165551.217,423777.102299999
1409,112ERS,196599.577,402171.068999998
1410,114DDU,187899.546999998,400750.410999998
1411,118HSW,133351.491,413855.719999999
1412,232HHA,166465.971000001,401244.227000002
1413,107EHL,177658.754000001,405330.013999999
1414,204CFC,164307.039000001,411198.210999999
1415,204CFD,163886.984000001,412082.175000001
1416,204PKA,169981.927999999,411692.260000002
1417,204PKB,170012.706,411738.105
1418,211TCB,171355.781,409539.958999999
1419,227BBA,166742.8772,406560.685400002
1420,253LCG,180118.651999999,392073.385000002
1421,103SKB,162491.164999999,420769.528999999
1422,108VIS,182595.57,412556.989
1423,105BZS,176616.217,413664.936999999
1424,AKW197,186103.210000001,418806.162999999
1482,205AAA,155147.114999998,410377.383000001
1483,211BB,159952.655000001,407883.91
1484,211EF,164316.342099998,407349.256700002
1485,211JI,173485.803199999,407237.087200001
1486,211JL,170884.142999999,406630.714000002
1487,211LA,171584.845699999,403865.588599999
1488,211LF,173801.649999999,403989.355999999
1489,211MS,175742.515999999,404011.772999998
1490,211MX,177311.671,403187.061000001
1491,117MRD,146145.616,414009.337000001
1492,229D,166091.471000001,404191.340999998
1493,243A,171548.373,400868.660999998
1494,245D,174602.372000001,400485.756000001
1495,245EB,176057.517999999,401235.638
1496,108BO,184598.276999999,405229.276000001
1497,108EL,188535.215999998,406234.344000001
1498,251A,173698.783,398423.079
1499,251CGB,177499.059999999,396476.989
1500,251CH,177363.730099998,396016.316500001
1501,253AB,174528.772999998,396850.863000002
1502,253LF,181918.414000001,391068.331999999
1503,253LI,181750.223999999,390803.050000001
1504,108LAA,188163.406,407736.804000001
1505,211HC,169010.164000001,407914.171
1506,211HE,168843.406,407592.48
1507,211LJ,173714.276000001,404623.228999998
1508,211NI,175535.772,401964.147
1509,280AA,176655.561999999,380981.368000001
1425,204CPD,158522.620999999,412913.210999999
1426,204KPW,164799.063000001,409502.079
1427,204GRH,165405.546,410518.833000001
1428,203KDZ,158920.864999998,406602.228
1429,234SSW,167289.820599999,391960.526999999
1430,AKW15A,194355.067000002,407454.543000001
1431,116HDW,133363.739,413860.375999998
1432,117SLS,146839.478,414521.557999998
1433,117HRL,145864.043000001,414533.046
1434,117MRE,145291.699999999,414754.488000002
1435,234EDA,170246.543000001,385374.769000001
1436,211VLR,173092.521000002,406447.515999999
1437,211LTM,171494.631999999,406206.199000001
1438,211RTV,175606.693,403952.682999998
1439,211VLW,172285.423,407070.789999999
1440,211VKW,172309.022999998,407101.557
1441,261HB,184040.737,390072.506000001
1442,204R,170601.863000002,412128.294
1443,294EC,179041.772999998,370867.605999999
1444,211TDI,161227.675000001,407489.807
1445,204HGA,167066.603,412891.787000001
1446,117MRA,147016.719999999,413922.375999998
1447,106GKA,182895.8781,418009.090799999
1448,AKW245,181408.925999999,418056.362
1449,116KRU,148996.407000002,410731.831
1450,102CRA,149415.335999999,414791.918000001
1451,108EN,188470.702,406504.761
1452,287DL,186072.335999999,378770.159000002
1453,108HBS,181956.579999998,414746.967999998
1454,275JP,188601.063999999,377992.328600001
1455,287A,179686.633000001,378098.857999999
1456,287DF,183804.982000001,377982.802999999
1457,287E,184885.3816,376799.5066
1458,234EC,170653.083000001,386238.390999999
1459,211F,164195.471999999,406983.989999998
1460,108HLS,187861.884,406447.521000002
1461,211JF,173436.462000001,406524.385000002
1462,251D,174977.098000001,398066.151999999
1463,108NDE,184248.940000001,413468.995999999
1464,211NB,173868.955400001,402263.796100002
1465,108HQS,185759.445,411443.820999999
1466,253D,174895.318999998,393948.280999999
1467,211LE,173258.886,404126.907000002
1468,117LW,143710.338,409972.873
1469,253B,173817.346000001,396366.022
1470,117OL,145032.852000002,415372.885000002
1471,211HA,168610.243000001,407708.396000002
1472,275G,183905.585999999,380081.366
1473,261CTC,186031.367699999,385240.917800002
1474,261JB,185143.923999999,390678.903000001
1475,251CE,177178.217999999,395412.526999999
1476,275JL,188955.210999999,377179.942000002
1477,211JCA,171574.782000002,405840.853
1478,204AD,159450.636,413891.199999999
1479,117MRC,145193.791000001,414493.717999999
1480,203A,152706.184999999,410534.539999999
1481,204D,161942.245000001,412786.631999999
1510,261CM,186706.473000001,385336.671
1511,261CT,185816.699999999,385726.478999998
1512,261FB,181468.568,389583.307
1513,261JL,184770.366999999,388711.098000001
1514,261K,185295.750999998,390019.554000001
1515,261F,180297.636999998,388738.767000001
1516,261JO,186027.002999999,389778.355
1517,275HA,186294.103,379368.916999999
1518,275HI,188889.191,379432.579
1519,275J,186858.103999998,377699.546
1520,275KA,187522.447299998,375734.432999998
1521,287BA,181626.556000002,378543.032000002
1522,287DK,185234.964499999,378889.389600001
1523,292D,184286.820999999,375485.011
1524,103KBB,166584.888,416678.357999999
1525,102CEV,151527.842999998,415874.077
1526,205BAC,154878.445,412475.543000001
1527,204BE,158461.414000001,410392.074000001
1528,204BI,157996.401999999,412527.125999998
1529,204CB,160411.296,410477.34
1530,204CN,162362.18,410443.183499999
1531,204ECA,165374.328699999,413401.1701
1532,204FA,165136.719000001,412132.412
1533,204FL,168657.9969,410169.560699999
1534,204HH,167347.703000002,412988.897999998
1588,204FQ,170557.734999999,410639.111000001
1589,204HB,166468.219999999,412971.951000001
1590,251LAA,180427.166999999,396457.006000001
1591,211HG,168752.096000001,408634.443
1592,211KD,172714.662999999,405280.443999998
1593,211MYA,177009.778999999,402705.293000001
1594,117MR,144555.004000001,412889.866
1595,104CS,167851.953000002,422344.256999999
1596,107HB,181723.756000001,402826.785
1597,234FJ,173613.809,384824.083999999
1598,248H,176351.287,399505.719999999
1599,248KA,179843.875599999,399312.6712
1600,107P09,179477.570999999,407447.822999999
1601,251C,174402.951000001,397984.521000002
1602,107P10,179703.463,406252.101
1603,251M,181096.032000002,396608.896000002
1604,253G,176376.544,392927.84
1605,245E,175460.276000001,400816.298
1606,248AA,174037.833999999,399589.157000002
1607,251JDA,180714.534000002,398243.493999999
1608,108BD,183783.441,404878.995999999
1609,261BHA,181472.745000001,384325.390999999
1610,261BK,183370.368000001,382804.066
1535,205BAB,153941.234000001,411775.504999999
1536,211HKB,171359.730999999,409639.991999999
1537,211JH,173439.158,406568.684999999
1538,211LJA,174010.756999999,404696.682999998
1539,211LOA,174657.067000002,403570.272
1540,211MTA,178365.897999998,403961.543000001
1541,234GBA,173141.039000001,382090.057999998
1542,245C,174099.982999999,400503.899999999
1543,245H,176838.390000001,401149.706999999
1544,253S,184572.763,391459.056000002
1545,114APS,191335.074999999,398419.261
1546,206BSC,155517.0748,405214.015700001
1547,203IAA,158967.932999998,405699.929000001
1548,108HHS,187588.037999999,406120.291999999
1549,107DDD,179538.544,403198.506999999
1550,201NVL,154611.7588,410106.011700001
1551,114COS,186921.897999998,400221.640000001
1552,108MLW,184292.254999999,408397.952
1553,108BRO,187056.781,408498.723000001
1554,217B,160917.219000001,405318.388
1555,114DDS,187897.122000001,400078.375
1556,221BOT,162141.552999999,405690.25
1557,114CXL,187077.129999999,400984.603
1558,AKW839c,146984.443999998,416045.112
1559,217RSW,167419.1864,394932.905099999
1560,234PRK,171232.3794,389939.826200001
1561,261BFA,181386.454,385027.956999999
1562,261CO,187198.870999999,384452.934999999
1563,261CTE,186168.394000001,384333.993000001
1564,275HC,188072.866999999,379458.537000001
1565,275N,188416.510000002,374361.291999999
1566,280BC,176834.322000001,378531.105
1567,280G,177109.081999999,376064.401000001
1568,287D,182286.706999999,377657.986000001
1569,287DB,183399.666000001,377271.43
1570,287GB,187283.009,376026.945999999
1571,107PMC,181990.947999999,411559.021000002
1572,280AB,175746.403000001,380264.423999999
1573,251CP,182712.82,395018.284000002
1574,251JFB,182760.899999999,397261.420000002
1575,108NOS,180785.138,414919.932
1576,104F,169943.16,421696.373
1577,108HCS,183207.48,411020.146000002
1578,117LDA,143662.192000002,409463.028000001
1579,251JD,178820.774999999,398037.706
1580,116GZG,149338.350000001,411227.517000001
1581,201O,176965.798999999,381109.868999999
1582,202A,153038.482999999,411356.864
1583,251K,178957.899999999,397107.75
1584,204BL,162989.072999999,414575.309
1585,204ECB,165854.837499999,413672.8081
1586,204FE,167530.796,410089.728
1587,204FN,169775.185600001,409983.798099998
1611,261JF,185640.120999999,390580.528000001
1612,261M,186520.802999999,390414.829999998
1613,279E,180091.872000001,381022.820999999
1614,292BA,182777.144000001,374371.910999998
1615,251CM,179206.826000001,394495.017000001
1616,108CA,185868.778000001,406316.228999998
1617,108CR,183790.309999999,406604.756999999
1618,108FB,187985.324000001,409949.140999999
1619,108HUL,187298.699000001,408348.806000002
1620,117MRB,145845.193999998,414450.612
1621,205DAA,156302.046999998,411043.712000001
1622,294D,179052.754799999,373145.296700001
1623,234ED,170854.353,385130.412
1624,261BIR,183324.392999999,384214.653999999
1625,104FYA,171989.859000001,418305.177000001
1626,104FIW,175909.912,417678.208999999
1627,102CRS,150036.412999999,414993.897
1628,103KCS,160585.890000001,417687.849
1629,104FXU,172163.16,418877.346000001
1630,114DNZ,190409.223999999,400588.118000001
1631,201T,180680.184999999,372568.956999999
1632,204HE,166344.081,413402.331
1633,211HH,169831.397999998,408799.294
1634,211HK,171131.607000001,409478.368000001
1635,211LL,172932.285,403517.221000001
1636,211MLA,178857.677000001,400559.561000001
1637,234CA,170535.587000001,395545.219999999
1638,234CJ,170115.706999999,394340.567000002
1697,114DXS,188546.401999999,400016.605999999
1698,114LTW,192321.7432,401769.265900001
1699,238BSW,169812.548700001,397841.977899998
1700,110BVB,191869.122000001,404599.197999999
1701,217KNZ,161618.850000002,405006.410999998
1702,108EO,188582.061000001,406829.732000001
1703,221BTW,162220.348999999,405904.241999999
1704,108PLN,185853.895,406615.427000001
1705,110BHB,192101.285,405034.835000001
1706,108HMP,190082.350900002,405115.406100001
1707,201LVS,156536.461199999,408120.561700001
1708,108CT,184105.068,407164.243999999
1709,225A,164193.440000001,404692.199999999
1710,108HSS,182960.48,403923.515000001
1711,280D,175464.633000001,379157.009
1712,238C,169761.284000002,398780.798999999
1713,217ED,168972.560400002,398053.958900001
1714,227CD,167187.952,405536.828000002
1715,AKW286HV8,178703.047600001,420036.8048
1716,261MZN,177588.5262,389564.0392
1717,203L,156578.754000001,402559.123
1718,108NRS,183559.265999999,407129.079
1719,114SMD,192462.673,404362.888
1720,204TRT,154916.406,412470.522
1721,234GA,173285.344000001,383829.675999999
1722,217KC,167518.352000002,393368.346000001
1723,251CI,178361.311000001,396158.285
1724,253BC,176602.579999998,394332.462000001
1725,253L,179013.274,392911.232999999
1726,256AC,174618.380800001,392868.184099998
1727,261BIB,183110.243999999,383566.724
1639,204HK,168664.901999999,413134.868999999
1640,211ED,164675.3325,405448.924400002
1641,276B,177212.9586,382647.356800001
1642,277A,177044.928199999,382050.627
1643,253NRS,178005.592300002,391866.069800001
1644,118HLA,140681.754799999,412422.087099999
1645,112A6,196173.545000002,399403.780000001
1646,234D,170641.721200001,391759.0108
1647,AKW160,188964.278000001,417364.645
1648,217AE,162092.859999999,402925.739999998
1649,234LHC,170753.559700001,391274.8937
1650,108KBS,184715.848999999,406109.739999998
1651,234PRB,172035.2874,388568.503600001
1652,108GOV,188068.425999999,409396.6701
1653,205RHP,154918.158199999,410408.793900002
1654,251H,176880.741999999,397798.629999999
1655,203ID,157507.493000001,406415.640999999
1656,250C,174789.061999999,398742.932999998
1657,261MZR,177536.004999999,389617.9014
1658,108GOB,188071.806000002,409422.208999999
1659,234PRL,171095.781399999,389976.805399999
1660,275JB,187440.557,377707.363000002
1661,204CQ,163682.242199998,410747.081599999
1662,203MA,175949.096999999,384111.396000002
1663,108KKS,185051.947999999,409079.013
1664,108HST,183210.578000002,404087.749000002
1665,234HKL,173023.991300002,386659.2476
1666,250B,174340.298,398694.370000001
1667,117GMT,145576.6162,412379.766899999
1668,204TRJ,154915.519299999,412472.424800001
1669,114DMZ,191110.997000001,401093.513
1670,234PRH,171628.963,389789.644000001
1671,204TOR,154917.790399998,412472.093699999
1672,118MTW,141817.5469,412267.757399999
1673,108BA,182506.127,401789.574000001
1674,107HA,181983.984999999,401625.664999999
1675,204OA,169330.116,411485.443999998
1676,211B,158641.509,408452.162999999
1677,211EE,163889.859000001,407069.09
1678,211G,165616.4811,406637.078899998
1679,211HFB,168783.519000001,409034.184
1680,211HGA,168742.102000002,408626.359999999
1681,211HKD,171295.4307,409495.8631
1682,234CO,170695.254999999,394717.530000001
1683,234FE,175940.379999999,383519.585000001
1684,211MM,174444.590999998,402505.506000001
1685,206BOS,155504.170200001,405593.8024
1686,251JB,178168.438999999,397945.668000001
1687,227I,171346.497200001,402674.303100001
1688,108EDS,189461.790600002,409087.3653
1689,114CLA,192195.802000001,403241.734000001
1690,294A,179732.287999999,373864.513
1691,AKW286HV1,178708.804000001,420054.0079
1692,102LGH,152681.559900001,415019.381499998
1693,112GRS,195796.0999,405851.9494
1694,230BAA,166829.429000001,401739.004999999
1695,108RKV,189804.397500001,407072.8913
1696,217LRW,166823.535999998,398868.644000001
2139,BKW3,196351.041999999,404078.995000001
2140,105ZAN,177391.669,415322.901999999
2141,261JJ,186226.704999998,392453.18
2142,211MTB,178683.035799999,403908.528099999
2143,AKW839f,146987.585000001,416045.193999998
2144,AKW839g,146987.807999998,416042.679000001
2145,AKW839b,146981.552999999,416042.346000001
2146,102CPS,152682.9712,415020.617400002
2147,AKW839a,146981.375999998,416044.491999999
2148,248D,174915.476,399420.800000001
2149,211RBW,165795.800000001,406583.697999999
2150,211GA,165741.365200002,406041.456999999
2151,292WBN,181151.772999998,373325.486699998
2152,292KLW,180367.440200001,374859.495099999
2153,251JE,180502.576000001,399260.052000001
2154,261BC,178753.732999999,387716.250300001
2155,261BB,178518.824999999,388002.6556
2156,204A,152814.928100001,411934.4714
2157,201C,163629.837000001,404998.831
2158,227AA,164959.787,405141.221999999
2159,201EMD,151291.675000001,416904.048
2160,AKW42,193711.172499999,409174.029300001
2161,104FKW,176859.241999999,418640.741
2162,104FRW,174427.557999998,418751.888999999
2163,AKW15C,194358.394699998,407453.086199999
2164,211H,166236.883000001,406573.941
2165,217G,164884.412999999,400244.135000002
2166,261BD,178949.828000002,387433.715
2167,261BH,181353.484000001,384401.789000001
2168,261BE,179179.921999998,386785.142999999
2169,261CI,184244.623,386801.891800001
2170,261BI,182414.789999999,383310.192000002
2171,261BF,180288.842,385959.120000001
2172,V2KW0,148269.874000002,410424.100200001
2173,256A,173178.668000001,394138.688000001
2174,108BOH,182778.195,405033.191
2175,261CA,178983.581999999,388563.649999999
2176,261CE,181182.272999998,387584.603999998
2177,211EHP,170471.427000001,405668.583000001
2178,211EIK,170275.289500002,405539.4421
2179,204SPG,162712.851100002,414553.809500001
2180,243HOK,171622.620999999,401258.953000002
2181,217HEG,168350.037500002,397028.250599999
2182,204MAX,166853.765999999,411976.574000001
2183,107HVN,176662.120700002,408691.048
2184,211LHW,166413.158100002,408189.034400001
2185,217JEK,166970.094500002,397339.272100002
2186,211NRD,166539.673999999,408198.717
2187,104PWZ,174117.6314,415809.878699999
2188,105WEV,173073.990600001,412292.864799999
2189,105SBG,173348.6417,412951.268199999
2190,105NBG,173162.454100002,413620.8902
2191,261LVD,188071.829999998,383823.5946
2192,261LEE,187954.5277,383862.539999999
2193,211ELZ,174229.612100001,403496.4122
2194,227DRH,167698.580800001,404605.0414
2195,261EZW,187253.9219,381915.652399998
1728,261BR,188116.739999998,381743.366
1729,261CQB,186007.298999999,387785.460999999
1730,261CTB,185767.066,384429.068999998
1731,261JQ,186931.793000001,388344.873
1732,275AA,178195.938000001,383318.802000001
1733,275JD,189552.899,376378.526000001
1734,280BA,177085.997000001,380074.66
1735,287DD,184698.629000001,376209.057999998
1736,292E,184947.454999998,375170.732999999
1737,107PMB,181950.002999999,411459.359999999
1738,292AC,180730.756999999,374336.491999999
1739,294B,179674.745499998,373727.457600001
1740,104FSV,170823.653000001,417921.107999999
1741,251LAB,180610.390999999,396068.300000001
1742,211JCC,171385.717,405801.335999999
1743,104FYB,172234.907000002,418403.475000001
1744,103JVM,162830.27,417974.737
1745,234CBA,167844.741,391891.938999999
1746,104FCW,178757.725000001,419052.658
1747,280KNW,176819.454999998,381108.228
1748,294LGD,179797.043000001,373872.600000002
1749,253GRT,176365.149,392913.037999999
1750,234SGH,172534.741999999,383361.879000001
1751,234SAN,172497.182,383384.276000001
1752,AKW1004HV4,133360.921999998,413875.217
1753,AKW1004HV3,133358.890999999,413873.377999999
1754,AKW1004HV2,133350.085000001,413865.096999999
1755,234BKA,170050.294,393155.329
2196,211HEK,165507.447999999,406027.465
2197,261WFN,175203.056000002,389977.453000002
2198,108DV,186260.278999999,407421.456999999
2199,234RBW,169505.845199998,395232.136999998
2200,103DT1,162060.546100002,420112.068100002
2201,103BIH,164514.912900001,421494.194200002
2202,292PEG,185248.8484,375444.098700002
2203,253BFA,173999.945999999,395286.702399999
2204,AKW286HV2,178703.540399998,420054.191100001
2205,AKW286HV3,178699.2918,420055.629099999
2206,AKW286HV4,178695.016600002,420057.101300001
2207,AKW286HV5,178690.809599999,420058.612300001
2208,AKW762HV2,152798.647100002,418381.239399999
2209,AKW762HV1,152794.948199999,418379.196800001
2210,AKW762HV6,152813.547600001,418389.876899999
2211,AKW762HV7,152817.167100001,418391.8616
2212,AKW762HV5,152809.856699999,418387.875599999
2213,AKW762HV4,152806.048,418385.511599999
2214,AKW762HV3,152802.073100001,418383.255600002
2215,AKW762CV3,152822.954999998,418362.467
2216,114BUS,188002.967099998,401587.1756
2217,114CTC,185591.435199998,400493.1851
2218,114CTD,185917.276700001,400738.4102
2219,204TRS,154919.952599999,412473.228399999
2220,118EDF,136231.780000001,410742.408
2221,234EE,170985.158,384510.272999998
2222,116BIN,148981.848999999,411356.015000001
2223,107VOO,178319.857999999,408734.998
2224,103HHS,163000.937899999,417663.891899999
2225,253BPD,176824.221000001,392933.416999999
2226,253GTL,176190.957199998,392959.385299999
2227,253TYF,175446.1686,393214.0042
2228,253BPK,176929.241099998,392958.670600001
2229,253H,177001.305,392974.835999999
2230,253BCF,174736.6076,394137.859700002
2231,253BCG,174700.738299999,394199.842799999
2232,253BCH,174660.404399998,394290.5601
1756,201KKW,180075.489999998,375059.476
1757,204KLO,153114.936000001,412185.181000002
1758,204KLS,153115.796999998,412182.956999999
1759,102DDP,151139.791999999,414564.07
1760,114CNS,186050.164999999,399721.842
1761,275HGB,188938.629000001,379433.048999999
1762,294KDO,179741.103999998,373863.620000001
1763,294LGE,179797.364,373869.82
1764,201KNW,176996.831,381620.473999999
1765,117GPV,146597.412,414631.614999998
1766,211LT,174459.701000001,405606.414999999
1767,211HD,169768.581,408667.587000001
1768,280AC,175510.809999999,380067.421999998
1769,103KLS,159494.978,417276.103999998
1770,211MOR,172613.388999999,409103.118999999
1771,211MRN,172612.703000002,409103.114999998
1772,116KKW,147566.181000002,411522.879999999
1773,116HLF,146907.723000001,412312.16
1774,108BN,184609.112,405037.633000001
1775,204AK,161373.708999999,415621.072000001
1776,261OKB,185277.034499999,390024.698800001
1777,261BZD,186095.263,381493.272999998
1778,108FNS,183843.533,409128.063000001
1779,105PDT,175942.936999999,414314.550999999
1780,105PGS,176451.585999999,414464.072000001
1781,107EAK,177569.353,406876.304000001
1782,108LRS,189627.9584,410963.357000001
1783,108RSA,178989.686000001,416756.965999998
1784,104FZD,173360.874899998,416633.788199998
1785,105BFA,176462.607000001,410528.359999999
1786,104FEV,171198.5418,416933.173799999
2233,253BCI,174609.102200001,394377.997900002
2234,253BCB,174834.057399999,393992.960700002
2235,253BCC,174801.4529,394035.0317
2236,253BCD,174785.4102,394058.092700001
2237,253BCE,174765.326200001,394088.042199999
2238,253BCM,174410.5275,394631.555
2239,253BCJ,174550.032400001,394450.326400001
2240,253BCK,174472.272999998,394517.113600001
2241,253BCL,174411.816500001,394600.1065
2242,253BCN,174414.371199999,394631.513999999
2243,253BCA,174853.762899999,393989.688200001
2244,253GRA,176154.199200001,392974.424899999
2245,102KHW,147896.367699999,413536.435600001
2246,117DVU,146152.289999999,413995.683499999
2247,275HF,185691.936999999,381391.804000001
2248,261J,184197.853,389660.142000001
2249,275JM,190374.295000002,377836.094999999
2250,280BD,175808.431000002,379094.401999999
2251,253U,185585.892000001,392136.846999999
2252,275JJ,189257.603,375469.478
2253,287CA,182183.0,378911.719999999
2254,105OXS,178877.397999998,414978.594000001
2255,261BT,185380.653999999,381894.436000001
2256,275JN,191258.359999999,377629.090999998
2257,102RPD,152531.555599999,415363.779399999
2258,102RTP,152533.818500001,415366.601599999
2259,102HHG,152533.729800001,415367.4749
2260,102HML,152534.399,415367.748799998
2261,103IDG,153902.352299999,416056.577599999
2262,104GRB,167151.218699999,417600.839400001
2263,234END,174402.743999999,383576.1072
1787,104FGW,177729.767000001,417013.322000001
1788,104FZB,173339.385000002,417237.785999998
1789,105VLW,176626.217,413647.359000001
1790,105OUS,178547.818999998,414700.798
1791,105PCS,174785.140999999,414102.427999999
1792,106UGT,186467.807500001,416797.1745
1793,107EQP,177978.438999999,409282.219999999
1794,251L,179676.857000001,396378.366
1795,108GW,187294.436999999,409442.328000002
1796,211JP,171429.721999999,406651.035
1797,108RLA,179979.250999998,416904.364
1798,105AHS,175362.364999998,410816.247000001
1799,105NXS,177670.222800002,413239.8675
1800,105NXV,177666.903999999,413588.463
1801,105OVS,178692.458999999,414828.885000002
1802,107EGS,181027.473000001,408495.074000001
1803,107EHS,180945.017999999,409098.258000001
1804,107GHC,178786.866,405000.519000001
1805,292AD,181550.100000001,374677.346000001
1806,104FAW,171908.631999999,415728.144000001
1807,104FGS,177650.445,416891.93
1808,105ADH,178847.822000001,410788.326000001
1809,105PBR,175997.427999999,414092.210999999
1810,105PDS,175931.103999998,414304.760000002
1811,104ESW,168157.283,422338.872000001
2264,261BIH,186376.546999998,383636.693
2265,217FA,164782.664000001,400706.572000001
2266,253LH,181049.927000001,390955.322000001
2267,261HC,183493.471000001,389326.787999999
2268,116OUD,147565.8156,411505.944899999
2269,211EC,165099.688000001,405822.728
2270,204E,164508.910999998,412509.784000002
2271,204FC,165894.171,410366.818
2272,234NVW,169762.726100001,395171.7742
2273,217LIJ,168398.208000001,398353.585999999
2274,211ML,177524.535999998,401828.02
2275,253TYE,175472.064100001,393181.995999999
2276,253TYD,175506.946600001,393169.384799998
2277,253TYC,175530.7159,393144.2885
2278,253TYB,175556.444600001,393127.359900001
2279,211MV,176140.728,403188.245000001
2280,211LN,173704.846000001,403372.004999999
2281,104ERF,173207.9496,421985.971700002
2282,211MU,175876.43,403140.638999999
2283,253TYA,175595.000300001,393110.465999998
2284,253TYL,175307.968199998,393378.133099999
2285,253TYK,175323.421100002,393354.237799998
2286,211LM,173302.91,403596.605
2287,211JA,170170.978,406203.938999999
2288,274HBW,176679.986299999,383472.6844
2289,246A,173570.881999999,399887.070999999
2290,112GTS,195579.098000001,404498.350000001
2291,275GVW,189887.671599999,376561.9298
2292,234SPG,172059.980700001,389203.2927
1812,104L,168328.752999999,421815.638
1813,104Y,170614.785,423801.778999999
1814,108AZ,183655.199999999,404456.436999999
1815,104ESU,167024.921999998,423400.186999999
1816,102LWG,147779.552999999,416097.342999999
1817,AKW5,194641.07,406653.215
1818,234HSD,171953.763,387775.780000001
1819,253GEN,179301.592,391527.111000001
1820,229TMD,167439.024,404645.192000002
1821,211RMH,172020.136,408334.870000001
1822,211GMZ,172158.030000001,408620.574000001
1823,107GHD,178914.960999999,405377.747000001
1824,104FMW,174810.673999999,418003.471999999
1825,105BGA,177205.541999999,411204.192000002
1826,105ADS,177571.295000002,412166.372000001
1827,114OPW,190580.370000001,398726.112
1828,105AES,176245.195999999,411707.012699999
1829,105BZV,176578.384,413637.927999999
1830,105OMS,177981.607999999,415219.285
1831,105OQS,178492.101,414221.583000001
1832,211MLB,178210.386599999,402121.190299999
1833,105PBK,175817.140000001,413495.883000001
1834,105PCL,173412.287999999,414387.475000002
1835,106UHA,184216.758000001,416441.601
1836,108KGS,182476.670000002,413275.254000001
1837,105DHA,176152.826000001,412838.848999999
1838,107ECR,177949.767000001,408709.594000001
1839,104FKV,170403.166999999,416973.105999999
1840,105ACS,177156.850000001,412811.846999999
1841,105HOO,179151.377999999,416266.046999998
2293,234SRT,172060.233800001,389192.083900001
2294,234SPO,172061.3116,389169.805100001
2295,234SPT,172060.6435,389180.230900001
2296,234SGO,172059.820599999,389214.0999
2297,261HD,183633.385200001,388931.993000001
2298,251CAA,175441.7467,397385.568399999
2299,253GRB,176134.428399999,392978.778700002
2300,253GRG,176039.368900001,393005.8268
2301,253GRC,176116.164799999,392984.1435
2302,253GRD,176098.326499999,392990.765299998
2303,253GRE,176076.750399999,392995.1646
2304,253GRF,176058.578899998,393001.562100001
2305,253GRH,176020.1283,393012.557300001
2306,253GRI,175994.346900001,393019.0119
2307,275DRW,180422.297200002,382946.983199999
2308,253DHO,175310.9998,393383.849599998
2309,253TYJ,175349.602200001,393327.512800001
2310,253TYI,175377.0233,393298.389600001
2311,253TYH,175404.567299999,393274.307100002
2312,253TYG,175420.0405,393243.361299999
2313,V2KW1-C,148208.970699999,410313.780699998
2314,V2KW1-A,148207.462299999,410332.921300001
2315,V2KW1-B,148208.216499999,410323.351
2316,114CTB,185525.528999999,400443.427999999
2317,261CH,183013.842999998,387168.362
2318,261CG,182360.164999999,387421.726
2319,261CC,179907.374000002,387804.473000001
2320,261D,178983.129999999,388585.594999999
2321,261CB,179251.473000001,388243.438000001
2322,253GF,178039.851,391366.664000001
2323,261G,181924.82,388949.756000001
1842,105PAS,178893.284000002,415625.368999999
1843,107ECF,180697.737,406070.298
1844,107EQS,179251.760000002,409638.57
1845,107FGS,180974.943,413180.293000001
1846,292PLW,180702.671999998,373216.576000001
1847,258HVW,173116.98,392233.032000002
1848,108GAS,184285.471999999,409326.782000002
1849,211DWL,167205.335499998,407180.169300001
1850,108KLS,183945.234999999,411464.526999999
1851,108RSB,179396.431000002,416816.188999999
1852,104FPX,174606.009,417532.169
1853,104FCV,171486.085000001,416480.686000001
1854,105AFS,175950.670000002,411532.309999999
1855,105HOE,176904.866999999,414599.645
1856,261HEI,183988.973000001,386958.009
1857,261HAE,183988.670000002,386956.210000001
1858,108BAR,184488.620999999,413180.853
1859,211HI,169903.568,408913.186000001
1860,211IB,169714.401099999,406613.656199999
1861,211JIC,174113.791999999,408209.743000001
1862,211LD,172986.083999999,404120.085999999
1863,211LP,174922.458999999,403667.544
1864,211LR,173152.248,405004.568999998
1865,211MG,174925.151000001,403211.686000001
1866,211MLC,178242.567000002,401795.509
1867,234BDD,170742.241,385993.164999999
1868,234OTW,171711.93,393941.861000001
2324,114GMW,185540.252599999,400454.354400001
2325,240A,170378.712400001,400547.2799
2326,240C,171360.177000001,398249.567000002
2327,253AC,173488.384199999,397677.0601
2328,251ELS,182211.803300001,399541.2234
2329,251JFC,181794.368099999,398057.8116
2330,107P12,180570.936999999,404255.458999999
2331,251JEA,181928.649799999,399506.310800001
2332,107P14,181491.835999999,402089.059
2333,107P13,181362.664000001,402778.987
2334,118TBW,141548.9263,412804.8466
2335,205KNN,158671.784200002,407016.579700001
2336,248C,174491.050999999,399398.390999999
2337,253ZUI,176579.677900001,395548.832800001
2338,253ZOM,176853.0438,395777.654300001
1869,234NTG,171854.789000001,393909.302999999
1870,203NWH,158201.778999999,406552.870999999
1871,202BRD,153591.077,410524.561999999
1872,322HAV,173785.123,390864.484000001
1873,204WRW,171708.929000001,412106.416000001
1874,211MN,174997.9738,402579.347300001
1875,234EN,172625.526000001,385575.502
1876,248E,175315.114999998,399443.899
1877,248HC,177042.23,399550.127999999
1878,251CB,175880.446800001,397344.997499999
1879,251CG,177346.131000001,396409.546999998
1880,253M,179778.223499998,392099.577
1881,107EWS,180440.866999999,411702.721000001
1882,107EJS,179190.893199999,408521.1527
1883,105ADB,178653.252,410484.155999999
1884,105PDR,175617.767999999,414183.431000002
1885,261MZM,177597.340100002,389542.260000002
1886,108KIE,183176.776999999,406148.476
1887,234LHB,170755.490600001,391262.9221
1888,234PRA,172051.325800002,388416.4005
1889,253LG,183136.259300001,390961.847100001
1890,217PVS,165846.664900001,400542.8475
1891,114FF,191236.727899998,401100.5156
1892,AKW839d,146984.642999999,416042.785999998
1893,104CUQ,167128.688000001,421012.298
1894,114CXM,187311.488000002,401134.484000001
1895,275EIK,188305.403200001,381345.445500001
1896,102ABW,152682.981600001,415019.939300001
1897,211MVA,176520.5077,403253.182599999
1898,232B,168247.997000001,401875.033
1899,211OKS,161514.4595,408279.316100001
1900,251SPW,180004.089000002,397282.2535
1901,204CO,163131.607000001,409530.546
1902,227DB,168183.100000001,401935.791999999
1903,275HOB,188868.170600001,379642.7106
1904,275P,190256.601,375382.057
1905,108HKW,184223.344999999,404756.136999998
1906,114DET,189787.605999999,401836.897999998
1907,217KA,167583.706999999,396364.938999999
1908,254VDW,172261.6131,395674.743000001
1909,103KNL,165536.407699998,421312.844900001
1910,217ESG,166025.178199999,399633.570300002
1911,227G,169567.748,403138.403000001
1912,108ES,187536.936000001,403218.653999999
1913,211SPV,176387.903799999,401968.367899999
1914,114CXZ,188316.5156,401518.3884
1915,217JA,165676.057,396143.131999999
1916,114AQS,191011.318999998,397871.23
1917,110SNE,191745.738000002,407376.258000001
1918,217EB,167055.034000002,399478.509
1919,234LHE,170729.7733,391379.0055
1920,108SCH,185447.390000001,411550.155999999
1921,211KA,171824.9278,404817.4758
1922,107EBS,179764.338,405979.118999999
1923,253OHW,176176.8279,393876.3884
1924,108AA,185421.487,407037.66
1925,292F,186039.9855,374797.434099998
1926,275JI,188988.651999999,375914.076000001
1927,109WVD,192197.780999999,411273.605999999
1928,229B,165194.980999999,403839.414999999
1929,227DA,168112.616999999,402796.941
1930,261MZQ,177549.494899999,389607.989399999
1931,201OUB,153532.160999998,411312.68
1932,201NLR,154556.292300001,410418.513799999
1933,234PRI,171543.177499998,389941.9586
1934,253C,174332.577,394847.493999999
1935,103DSA,161803.141600002,419854.011799999
1936,280C,175691.517999999,379445.469999999
1937,227EA,169090.607999999,402017.561000001
1938,114CUB,185744.2315,400608.445
1939,104ESV,167034.990200002,423399.742800001
1940,105BRG,178270.151000001,415816.239999998
1941,114BBF,186085.403999999,397121.127999999
1942,227J,172188.460000001,402079.497000001
1943,107OGW,179271.300000001,406620.894000001
1944,235A,168510.170600001,400629.917399999
1945,217AA,159986.339699999,404755.942200001
1946,107P01,181156.056000002,413719.039000001
1947,AKW178a,187937.407000002,418711.969599999
1948,107VFS,178901.387699999,405988.218400002
1949,250MLW,174998.577100001,398765.423099998
1950,114CMS,187658.32,399313.964000002
1951,114CIE,186992.603999998,398668.254000001
1952,107P03,181473.629000001,412693.348000001
1953,114BQS,194719.291999999,400341.581
1954,217H,164885.629999999,398654.195
1955,107VHS,179489.728999998,406190.510000002
1956,201BGS,153973.342999998,411108.947999999
1957,AKW390-a,173314.232299998,423272.4714
1958,211LC,172559.502,404089.252
1959,254VON,172256.362199999,395666.438900001
1960,102LAG,152304.7256,414563.545400001
1961,108HES,186831.033599999,410307.3541
1962,287G,185818.5211,375843.695300002
1963,201E,169283.686999999,400523.265999999
1964,201HDK,154125.9186,411018.337200001
1965,114HEI,193617.737,403704.045000002
1966,234FM,172523.274,384443.43
1967,261BU,185541.93,381957.866
1968,251CN,180156.866999999,394834.283
1969,107GFC,180472.006999999,402268.646000002
1970,206F,155502.66,408653.291000001
1971,204EC,165663.699000001,413562.807999998
1972,261PLD,185409.164900001,391906.706300002
1973,227DPT,166573.0572,406213.7564
1974,261MZV,177448.8061,389662.286600001
1975,108HH,190616.4124,406061.859099999
1976,234PRQ,170556.651500002,390576.398600001
1977,217EH,165959.802999999,400970.901000001
1978,234CC,167857.965,392808.234000001
1979,114AVZ,190743.4276,398914.4276
1980,114FFC,192144.065000001,402079.111000001
1981,AKW286HV7,178686.7777,420060.874600001
1982,261MZX,177423.036699999,389675.477699999
1983,217ADE,161310.166999999,402548.638
1984,217VDS,163230.727000002,401457.372000001
1985,275O,188700.458000001,374463.438999999
1986,107P15,181951.267999999,401597.642000001
1987,251LAC,180447.8906,396478.204799999
1988,CKW1,195540.046300001,405036.981400002
1989,234B,169228.374000002,398293.556000002
1990,217AD,161853.8662,403130.921500001
1991,248I,177344.1351,399674.313200001
1992,105ADK,178505.507199999,411740.137200002
1993,108CIB,182024.686999999,406025.285
1994,108KAS,184628.973999999,405997.827
1995,114CKT,187836.09,398107.831
1996,211LO,174447.611000001,403547.741999999
1997,114RYL,194559.3413,402355.638300002
1998,261PDK,185561.626699999,391781.07
1999,289WJW,179962.610800002,377261.617899999
2000,238AA,169706.546399999,400046.323399998
2001,201VST,165858.063000001,402820.848000001
2002,287F,185188.796,376529.884
2003,217EG,163418.160999998,401891.934999999
2004,116VEE,148674.0636,412214.070099998
2005,108KDS,184948.337000001,406151.432
2006,AKW145,189279.566,415886.272999998
2007,108BB,189786.870000001,407369.184999999
2008,224AB,163551.879000001,404439.458000001
2009,234PRS,170580.075100001,390965.6534
2010,104CUZ,166990.605700001,421035.317000002
2011,227CC,169835.688000001,403244.447999999
2012,108KCS,184815.432,406155.249000002
2013,227C,167058.489,405279.342
2014,234PRF,171783.9465,389650.660500001
2015,234PRC,172003.772700001,388723.949200001
2016,114CPS,186381.662000001,399910.743999999
2017,108KJS,185056.793000001,408480.693999998
2018,112EOS,196718.431000002,401317.102000002
2019,107P04,181892.131999999,411108.068999998
2020,107REL,178650.546799999,406402.1261
2021,227E,168952.927499998,403091.1303
2022,108HRQ,182690.23,404164.965
2023,201HND,156194.919399999,408420.799199998
2024,AKW838b,147091.756200001,416130.352899998
2025,107BOE,181192.105,404264.067000002
2026,108KTS,188041.640000001,404486.359999999
2027,261MZT,177489.271299999,389641.848099999
2028,275JC,188395.896000002,377075.866999999
2029,114EE,188086.721999999,401625.820999999
2030,227CB,168754.861099999,405370.788800001
2031,229AA,165178.340999998,403775.339000002
2032,AKW838a,147094.287999999,416117.302999999
2033,234C,169609.375,397793.997000001
2034,206BSW,155298.568999998,405684.196600001
2035,217STG,159303.399,404446.893599998
2036,114DPS,190734.704999998,401713.813999999
2037,292GPW,183455.7696,374780.2577
2038,211RNW,170560.742400002,409418.0044
2039,110BHC,191119.784000002,404382.419
2040,261MZO,177573.046100002,389586.767000001
2041,114BRS,195300.707199998,400811.1943
2042,240E,172065.6065,398459.105700001
2043,211SDW,175945.041900001,404072.131000001
2044,254PRL,172285.565499999,394601.689599998
2045,280DHS,177434.012699999,374892.635699999
2046,108PST,185004.756999999,406951.024999999
2047,114CZS,188685.839000002,400424.438999999
2048,206EAA,154994.710999999,408747.368000001
2049,206G,155925.377999999,408180.252999999
2050,280A,176761.397999998,380923.631999999
2051,114RYK,194706.394000001,402194.570999999
2052,217EL,167686.352000002,398131.019000001
2053,114DES,189553.631999999,401567.109000001
2054,227F,169209.846000001,403073.318999998
2055,206ED,154874.351300001,406378.067499999
2056,114CVB,186357.076000001,401200.504999999
2057,116BRU,146586.909000002,412535.840999998
2058,217BWG,169845.592500001,396876.381900001
2059,217C,161829.335000001,404567.513
2060,117MOP,143887.679400001,411260.319499999
2061,261JR,187171.103,387963.934999999
2062,211LFA,174254.970600002,404124.473700002
2063,110VSW,191988.252999999,410933.140999999
2064,201H,173260.978,399804.265999999
2065,AKW101,192222.666999999,413471.438000001
2066,234LHD,170753.198800001,391276.7905
2067,261BAA,178156.07,389197.037
2068,118HSF,137777.927099999,408962.968899999
2069,250BA,174565.595199998,398718.758699998
2070,114BRO,192898.98,403244.326000001
2071,107P08,179900.173,408483.853999998
2072,261BII,184839.171999998,383045.388
2073,234PRM,170944.772399999,390069.8169
2074,114DEU,187309.196400002,400226.716699999
2075,EKW2,197511.881000001,402638.936999999
2076,201HER,155649.3539,408819.476100002
2077,275LEI,186615.768399999,380204.408399999
2078,203IF,158819.738000002,406610.322000001
2079,211NKW,172304.547800001,406053.899300002
2080,107GFK,179093.783,402856.276000001
2081,201OWG,153520.772999998,411282.826000001
2082,251CA,174987.3495,397879.9608
2083,101BCS,159557.715,423436.802999999
2084,254SDW,172314.634599999,395594.808699999
2085,204BA,157993.221900001,412484.760899998
2086,204I,166216.903999999,411875.570999999
2087,108GWA,186974.217,409502.57
2088,107P06,181366.006000001,410264.017999999
2089,EKW10,197032.645599999,403348.176600002
2090,AKW390-b,173323.357500002,423285.264199998
2091,275HGE,188710.477400001,380124.016199999
2092,AKW785HV1,151442.534000002,416878.327
2093,217I,165676.828000002,397967.695
2094,261COB,187911.228999998,383625.686000001
2095,230BAC,166286.796,401440.363000002
2096,201WPT,172910.028000001,392927.407000002
2097,118PVW,134104.469999999,414802.550000001
2098,217M,170212.919,396823.256000001
2099,203VWW,156130.791000001,408037.237
2100,118KBH,141113.851,413612.043000001
2101,103KNW,165535.2533,421312.847600002
2102,103GEW,162299.997000001,420417.199000001
2103,104BE,164848.9175,424211.264899999
2104,104FBX,172684.732999999,422401.831999999
2105,261CTF,186378.721999999,383639.612
2106,205WRS,158092.750999998,411583.192000002
2107,204GDD,165111.395,414201.158
2108,204ZGS,161383.752,414855.892999999
2109,204JKS,164197.998,410837.954999998
2110,204KMW,165114.613000002,408985.974
2111,234LGD,170781.261,395338.570999999
2112,234SEW,167153.403000001,391435.693
2113,AKW46,193660.236000001,409522.712000001
2114,234ECB,171673.465999998,385890.281
2115,234ECC,171581.728,385996.627999999
2116,251DP,180957.576000001,395189.833000001
2117,258KND,173048.412,392212.285999998
2118,104DW,169355.782000002,423968.239999998
2119,103FBR,165371.813000001,421283.265999999
2120,103BDS,154011.596000001,415894.471000001
2121,AKW232,182602.282000002,418032.82
2122,118CXA,138045.441,415271.745999999
2123,AKW845,146432.028000001,415977.359000001
2124,107A3,185229.182999998,400813.555
2125,103KSI,159989.249000002,420225.521000002
2126,119IZW,150843.186999999,410863.015999999
2127,104BS,164082.116999999,424331.436999999
2128,104G1,169466.329599999,421875.059099998
2129,204VBS,162545.592700001,413521.949000001
2130,234BDH,170869.770199999,386882.226
2131,234BDE,170850.022599999,386731.642099999
2132,201HRS,156173.056699999,408418.9034
2133,204HDN,162467.6708,413101.533399999
2134,117ENGa,147297.679099999,414042.9065
2135,117ENGb,147278.5416,414033.079100002
2136,101BWS,156411.653000001,423129.338
2137,103BIB,163803.103999998,422964.649
2138,105BUS,178133.134,415664.789999999
