,Day,Min temp,Max temp,Avg temp,Wind speed,Precipitation,Date
0,1,4.9,9.0,6.8,15.4,11.8,2018-01-01
1,2,4.6,8.2,6.2,12.2,4.4,2018-01-02
2,3,6.4,11.2,8.9,26.7,16.6,2018-01-03
3,4,6.4,11.6,8.4,17.2,1.0,2018-01-04
4,5,4.7,9.2,7.2,12.1,7.2,2018-01-05
5,6,0.3,6.1,4.0,4.7,0.2,2018-01-06
6,7,0.3,4.2,1.9,16.4,0.0,2018-01-07
7,8,0.8,4.0,2.1,14.5,0.0,2018-01-08
8,9,1.3,6.3,3.3,5.8,0.0,2018-01-09
9,10,6.2,8.3,7.0,5.6,4.8,2018-01-10
10,11,4.6,7.7,6.1,1.1,0.2,2018-01-11
11,12,4.4,5.6,5.0,1.6,0.0,2018-01-12
12,13,2.2,6.8,4.4,6.3,0.0,2018-01-13
13,14,0.3,5.8,3.2,8.0,0.0,2018-01-14
14,15,0.3,7.6,4.7,15.6,8.6,2018-01-15
15,16,3.1,7.3,5.1,15.1,6.8,2018-01-16
16,17,2.4,5.9,4.3,15.9,2.2,2018-01-17
17,18,2.7,10.8,5.3,19.6,7.2,2018-01-18
18,19,1.3,5.4,3.3,10.8,3.4,2018-01-19
19,20,0.8,3.7,2.1,6.1,2.8,2018-01-20
20,21,1.3,6.2,3.1,7.6,1.8,2018-01-21
21,22,1.8,9.1,6.3,8.9,1.0,2018-01-22
22,23,6.6,10.9,8.3,13.2,0.0,2018-01-23
23,24,8.1,13.8,12.2,19.6,0.6,2018-01-24
24,25,5.8,9.3,7.6,7.9,0.4,2018-01-25
25,26,1.3,7.2,4.6,1.8,0.0,2018-01-26
26,27,3.9,7.7,5.6,11.3,0.4,2018-01-27
27,28,5.4,11.8,9.3,17.4,0.8,2018-01-28
28,29,5.6,10.9,9.7,18.3,3.8,2018-01-29
29,30,0.9,7.0,3.8,5.3,0.2,2018-01-30
30,31,2.9,9.5,6.9,16.3,10.8,2018-01-31
31,1,1.0,5.5,2.8,12.2,1.4,2018-02-01
32,2,2.9,6.6,4.4,10.3,3.6,2018-02-02
33,3,0.3,4.7,2.5,5.6,0.8,2018-02-03
34,4,-0.3,2.5,0.9,10.3,0.0,2018-02-04
35,5,-1.8,3.9,0.8,10.5,0.2,2018-02-05
36,6,-3.6,0.8,-1.8,7.9,0.0,2018-02-06
37,7,-5.3,2.1,-2.4,5.3,0.0,2018-02-07
38,8,-6.9,5.1,-2.3,3.1,0.0,2018-02-08
39,9,-3.1,2.5,-0.4,9.0,0.0,2018-02-09
40,10,0.7,6.7,2.9,9.5,0.4,2018-02-10
41,11,1.2,7.4,3.7,16.7,5.8,2018-02-11
42,12,-1.0,6.1,2.4,10.1,0.2,2018-02-12
43,13,-1.7,7.2,1.5,8.7,0.0,2018-02-13
44,14,-2.8,6.8,1.4,10.1,0.0,2018-02-14
45,15,0.6,9.3,4.0,10.1,6.0,2018-02-15
46,16,-2.3,8.7,2.8,6.4,0.4,2018-02-16
47,17,-3.7,6.6,0.7,2.7,0.0,2018-02-17
48,18,-4.7,8.3,0.3,4.0,0.2,2018-02-18
49,19,-3.1,4.6,0.8,2.9,0.0,2018-02-19
50,20,-3.0,5.2,1.1,3.9,0.0,2018-02-20
51,21,-3.0,4.9,0.4,6.9,0.0,2018-02-21
52,22,-2.4,4.8,0.6,11.6,0.0,2018-02-22
53,23,-2.7,3.3,-0.3,12.1,0.0,2018-02-23
54,24,-3.9,3.2,-0.7,16.3,0.0,2018-02-24
55,25,-4.8,0.9,-2.1,15.9,0.0,2018-02-25
56,26,-5.6,-0.3,-3.4,12.4,0.0,2018-02-26
57,27,-7.6,0.2,-3.9,9.3,0.0,2018-02-27
58,28,-7.6,-3.3,-5.9,15.4,0.0,2018-02-28
59,1,-7.6,0.1,-4.0,23.8,0.0,2018-03-01
60,2,-6.8,-0.3,-3.4,19.6,0.0,2018-03-02
61,3,-3.7,1.1,-1.6,11.7,1.2,2018-03-03
62,4,-1.3,11.2,5.0,7.6,1.0,2018-03-04
63,5,3.1,12.7,6.9,7.4,0.0,2018-03-05
64,6,-0.4,10.8,5.6,4.0,0.0,2018-03-06
65,7,-1.1,9.1,4.6,5.1,0.6,2018-03-07
66,8,1.1,8.0,4.9,13.8,1.6,2018-03-08
67,9,1.7,11.2,6.2,8.2,2.2,2018-03-09
68,10,7.3,15.5,11.1,7.4,4.6,2018-03-10
69,11,6.2,16.6,10.8,7.2,0.8,2018-03-11
70,12,7.6,14.4,10.2,8.2,2.2,2018-03-12
71,13,4.0,8.7,6.1,11.3,8.0,2018-03-13
72,14,0.2,12.1,6.4,7.4,0.0,2018-03-14
73,15,3.2,11.7,7.3,11.7,3.4,2018-03-15
74,16,0.4,6.9,4.7,10.6,6.8,2018-03-16
75,17,-2.7,0.4,-1.7,22.7,0.0,2018-03-17
76,18,-2.7,0.3,-1.3,20.4,0.0,2018-03-18
77,19,-3.8,4.1,-0.3,13.0,0.0,2018-03-19
78,20,-3.5,9.1,3.2,10.1,0.6,2018-03-20
79,21,-0.1,7.8,3.3,5.3,0.0,2018-03-21
80,22,2.6,8.9,5.8,10.9,2.2,2018-03-22
81,23,4.9,7.3,6.1,10.6,0.0,2018-03-23
82,24,2.4,12.6,6.9,4.0,0.0,2018-03-24
83,25,-1.7,13.5,6.3,3.7,0.0,2018-03-25
84,26,0.5,11.1,5.1,4.0,0.0,2018-03-26
85,27,0.3,10.2,5.1,5.3,3.6,2018-03-27
86,28,3.2,8.4,6.5,7.9,12.4,2018-03-28
87,29,3.7,10.4,6.2,7.9,0.2,2018-03-29
88,30,4.6,14.7,8.9,8.0,4.4,2018-03-30
89,31,2.1,12.7,7.3,4.2,4.8,2018-03-31
90,1,1.7,7.6,5.4,5.0,3.4,2018-04-01
91,2,0.4,13.4,7.3,6.6,0.6,2018-04-02
92,3,8.9,17.9,12.7,13.5,0.2,2018-04-03
93,4,6.7,14.4,10.3,9.0,3.6,2018-04-04
94,5,0.4,9.7,7.3,12.6,3.6,2018-04-05
95,6,0.3,15.8,7.9,9.2,0.0,2018-04-06
96,7,6.9,23.5,14.2,7.4,0.0,2018-04-07
97,8,7.5,24.9,15.7,2.3,0.0,2018-04-08
98,9,10.0,17.6,14.0,8.2,0.0,2018-04-09
99,10,10.6,19.3,14.9,6.0,18.0,2018-04-10
100,11,9.1,14.8,12.2,2.9,2.6,2018-04-11
101,12,8.2,15.3,11.2,6.9,0.2,2018-04-12
102,13,4.3,15.1,10.3,3.2,0.0,2018-04-13
103,14,6.2,17.5,12.1,2.9,0.0,2018-04-14
104,15,10.2,17.9,13.9,4.8,3.4,2018-04-15
105,16,6.9,16.6,12.8,6.1,0.0,2018-04-16
106,17,3.7,21.8,12.8,5.1,0.0,2018-04-17
107,18,5.4,26.0,16.2,3.2,0.0,2018-04-18
108,19,9.7,29.2,19.8,5.8,0.0,2018-04-19
109,20,9.7,27.7,19.5,5.6,0.0,2018-04-20
110,21,10.1,22.8,16.2,4.5,0.0,2018-04-21
111,22,12.1,27.3,18.2,5.6,3.6,2018-04-22
112,23,10.6,17.3,14.5,10.8,0.0,2018-04-23
113,24,8.6,15.4,11.9,12.4,0.0,2018-04-24
114,25,9.9,14.4,12.7,13.5,0.2,2018-04-25
115,26,5.7,14.3,10.5,13.2,5.6,2018-04-26
116,27,1.9,17.3,10.5,3.5,0.2,2018-04-27
117,28,10.7,15.9,12.9,8.0,0.4,2018-04-28
118,29,5.1,15.4,10.6,5.0,9.8,2018-04-29
119,30,5.4,14.7,10.1,11.1,28.2,2018-04-30
120,1,5.4,13.6,8.9,16.1,8.6,2018-05-01
121,2,4.1,17.8,11.6,9.8,0.0,2018-05-02
122,3,6.2,15.9,11.8,6.0,0.0,2018-05-03
123,4,3.3,18.7,11.9,4.2,0.0,2018-05-04
124,5,7.1,22.1,15.2,7.1,0.0,2018-05-05
125,6,9.2,25.7,18.0,6.4,0.0,2018-05-06
126,7,10.6,25.7,18.7,4.7,0.0,2018-05-07
127,8,10.4,28.5,20.1,4.0,0.0,2018-05-08
128,9,10.3,27.4,18.9,5.3,0.0,2018-05-09
129,10,8.6,17.7,13.2,9.7,6.0,2018-05-10
130,11,3.6,20.2,12.5,3.2,0.0,2018-05-11
131,12,7.4,24.2,17.2,4.0,0.0,2018-05-12
132,13,11.3,17.1,13.9,7.2,3.4,2018-05-13
133,14,11.2,25.6,17.4,6.6,0.0,2018-05-14
134,15,11.3,24.3,19.2,5.5,0.0,2018-05-15
135,16,12.1,21.7,16.0,8.0,0.4,2018-05-16
136,17,7.8,16.9,12.1,8.7,0.0,2018-05-17
137,18,6.7,16.2,11.1,5.8,0.0,2018-05-18
138,19,5.6,15.3,10.8,3.1,0.0,2018-05-19
139,20,6.2,24.4,15.7,4.5,0.0,2018-05-20
140,21,12.3,25.7,19.2,7.6,0.2,2018-05-21
141,22,11.7,24.8,17.2,3.9,11.6,2018-05-22
142,23,14.7,24.1,18.4,5.6,3.2,2018-05-23
143,24,14.7,22.9,18.1,7.7,0.0,2018-05-24
144,25,13.8,26.4,20.4,2.9,0.0,2018-05-25
145,26,15.3,29.4,22.4,4.7,0.0,2018-05-26
146,27,18.0,25.9,20.9,5.6,5.4,2018-05-27
147,28,15.1,28.6,22.6,3.5,0.0,2018-05-28
148,29,18.2,29.7,23.0,5.3,0.0,2018-05-29
149,30,15.6,28.2,22.2,2.6,0.0,2018-05-30
150,31,15.9,25.2,20.6,3.7,1.2,2018-05-31
151,1,15.1,20.3,17.4,4.7,7.2,2018-06-01
152,2,15.1,20.6,17.2,7.7,0.8,2018-06-02
153,3,13.1,24.7,19.0,1.1,0.0,2018-06-03
154,4,15.3,23.9,19.2,5.3,0.0,2018-06-04
155,5,14.7,20.9,16.9,4.7,0.0,2018-06-05
156,6,11.5,28.3,20.1,4.0,0.0,2018-06-06
157,7,14.3,28.2,21.5,3.4,0.2,2018-06-07
158,8,17.4,21.6,19.2,2.9,13.0,2018-06-08
159,9,16.3,26.2,20.7,3.7,0.0,2018-06-09
160,10,15.8,24.8,19.8,6.3,0.0,2018-06-10
161,11,13.0,23.0,18.2,7.4,0.0,2018-06-11
162,12,12.0,19.1,15.1,6.0,0.0,2018-06-12
163,13,10.4,18.1,14.4,3.7,0.6,2018-06-13
164,14,7.9,19.9,14.4,7.1,1.6,2018-06-14
165,15,12.1,24.1,18.1,1.8,0.2,2018-06-15
166,16,13.7,23.6,17.9,7.1,0.0,2018-06-16
167,17,12.7,17.6,15.4,9.2,0.2,2018-06-17
168,18,14.2,19.7,17.1,10.1,0.0,2018-06-18
169,19,13.7,20.7,17.5,8.2,0.0,2018-06-19
170,20,12.8,26.6,20.1,6.8,0.0,2018-06-20
171,21,10.8,19.3,15.6,13.4,0.0,2018-06-21
172,22,10.2,16.3,13.0,11.4,0.2,2018-06-22
173,23,9.5,19.3,14.3,5.1,0.0,2018-06-23
174,24,10.8,18.8,15.1,5.3,0.0,2018-06-24
175,25,13.4,22.7,17.2,5.8,0.0,2018-06-25
176,26,8.1,24.4,16.6,5.3,0.0,2018-06-26
177,27,11.4,26.4,18.8,5.3,0.0,2018-06-27
178,28,13.9,27.8,22.0,6.1,0.0,2018-06-28
179,29,13.9,28.6,21.5,6.6,0.0,2018-06-29
180,30,12.8,28.2,21.3,7.4,0.0,2018-06-30
181,1,14.7,26.4,21.1,10.9,0.0,2018-07-01
182,2,12.9,26.9,20.8,8.7,0.0,2018-07-02
183,3,13.3,28.9,21.6,5.6,0.0,2018-07-03
184,4,14.8,28.0,21.5,4.3,0.0,2018-07-04
185,5,15.3,26.1,20.5,5.6,0.0,2018-07-05
186,6,15.1,26.4,20.3,4.5,0.0,2018-07-06
187,7,11.7,26.6,20.0,4.3,0.0,2018-07-07
188,8,10.6,25.8,19.2,5.6,0.0,2018-07-08
189,9,12.3,24.3,18.6,5.3,0.0,2018-07-09
190,10,13.9,21.2,16.3,9.7,0.6,2018-07-10
191,11,9.9,23.0,17.6,6.4,0.0,2018-07-11
192,12,14.7,26.3,20.3,6.9,0.0,2018-07-12
193,13,12.2,26.1,19.6,4.0,0.0,2018-07-13
194,14,12.4,26.9,20.2,4.5,0.0,2018-07-14
195,15,12.0,28.7,21.2,3.5,0.0,2018-07-15
196,16,11.7,30.2,22.6,3.4,0.0,2018-07-16
197,17,15.5,26.8,21.7,8.0,0.0,2018-07-17
198,18,10.6,25.1,19.1,2.6,0.0,2018-07-18
199,19,14.1,27.3,21.1,4.0,0.0,2018-07-19
200,20,13.7,26.2,20.1,4.7,0.6,2018-07-20
201,21,16.6,27.9,21.9,5.5,0.0,2018-07-21
202,22,14.9,27.8,21.4,5.6,0.0,2018-07-22
203,23,14.9,29.6,23.0,2.1,0.0,2018-07-23
204,24,16.4,32.9,25.2,2.4,0.0,2018-07-24
205,25,19.7,32.2,26.3,5.3,0.0,2018-07-25
206,26,18.6,36.6,26.4,2.7,0.0,2018-07-26
207,27,21.6,36.6,29.4,5.6,0.0,2018-07-27
208,28,15.2,26.8,22.7,8.2,1.4,2018-07-28
209,29,12.6,28.4,21.7,7.1,0.0,2018-07-29
210,30,19.2,32.8,25.4,6.9,0.0,2018-07-30
211,31,17.6,28.1,22.7,6.1,0.0,2018-07-31
212,1,13.1,29.0,22.2,2.3,0.0,2018-08-01
213,2,16.5,31.6,24.3,3.7,0.0,2018-08-02
214,3,16.3,33.4,25.6,3.7,0.0,2018-08-03
215,4,18.7,31.2,24.4,6.0,0.0,2018-08-04
216,5,16.8,27.9,21.8,4.8,0.0,2018-08-05
217,6,14.3,33.3,23.9,3.4,0.0,2018-08-06
218,7,15.3,36.3,26.2,2.4,0.0,2018-08-07
219,8,13.6,27.2,21.6,10.5,0.4,2018-08-08
220,9,11.1,22.6,17.1,7.2,26.6,2018-08-09
221,10,12.3,22.7,17.7,13.8,0.0,2018-08-10
222,11,12.2,21.8,16.6,9.3,7.4,2018-08-11
223,12,11.5,28.4,19.7,4.3,0.0,2018-08-12
224,13,16.2,21.5,18.4,6.3,14.8,2018-08-13
225,14,16.1,24.0,19.4,9.3,1.6,2018-08-14
226,15,15.8,23.0,19.2,8.4,0.0,2018-08-15
227,16,13.9,25.7,19.4,6.4,0.0,2018-08-16
228,17,14.1,23.4,18.7,4.0,21.0,2018-08-17
229,18,10.9,22.8,17.3,6.3,0.0,2018-08-18
230,19,14.3,24.7,19.7,8.7,0.0,2018-08-19
231,20,18.3,23.1,20.6,5.8,0.0,2018-08-20
232,21,16.4,27.7,21.7,1.8,0.0,2018-08-21
233,22,14.7,26.7,20.6,3.7,0.0,2018-08-22
234,23,13.5,23.3,18.6,7.6,5.4,2018-08-23
235,24,13.1,19.5,16.7,9.8,0.0,2018-08-24
236,25,10.3,17.4,13.6,10.1,4.2,2018-08-25
237,26,6.8,20.1,14.1,6.8,0.6,2018-08-26
238,27,14.0,20.6,17.1,13.7,1.6,2018-08-27
239,28,12.8,22.8,17.4,3.4,0.0,2018-08-28
240,29,10.1,22.3,15.8,3.5,16.8,2018-08-29
241,30,10.7,20.1,15.9,6.3,0.0,2018-08-30
242,31,8.7,19.9,13.7,2.3,0.0,2018-08-31
243,1,6.4,20.9,13.8,2.3,0.0,2018-09-01
244,2,8.2,23.8,16.2,4.3,0.0,2018-09-02
245,3,15.8,21.7,18.5,3.7,0.4,2018-09-03
246,4,18.1,25.6,20.8,2.3,0.0,2018-09-04
247,5,17.2,25.5,20.9,3.4,0.0,2018-09-05
248,6,15.4,20.8,18.1,4.5,2.8,2018-09-06
249,7,12.0,18.1,14.8,9.5,4.2,2018-09-07
250,8,10.1,19.0,14.6,8.7,0.0,2018-09-08
251,9,12.2,24.6,17.8,6.4,0.0,2018-09-09
252,10,14.1,20.9,17.9,6.9,0.0,2018-09-10
253,11,14.1,25.7,19.5,13.5,0.0,2018-09-11
254,12,13.7,19.4,16.7,7.6,1.4,2018-09-12
255,13,9.8,20.1,14.9,3.5,0.4,2018-09-13
256,14,5.9,20.3,13.1,5.0,0.0,2018-09-14
257,15,10.4,20.1,15.2,7.9,0.0,2018-09-15
258,16,8.2,23.5,15.0,3.7,0.0,2018-09-16
259,17,8.1,26.9,16.2,3.4,0.0,2018-09-17
260,18,12.2,27.8,19.8,10.3,0.0,2018-09-18
261,19,12.6,25.7,19.0,9.8,0.0,2018-09-19
262,20,13.0,25.2,19.5,8.9,0.0,2018-09-20
263,21,13.2,19.9,16.9,17.1,4.4,2018-09-21
264,22,10.4,16.5,12.3,10.3,5.6,2018-09-22
265,23,9.0,11.7,10.6,5.1,17.2,2018-09-23
266,24,6.1,15.8,10.4,6.4,0.6,2018-09-24
267,25,2.5,17.4,9.3,1.3,0.0,2018-09-25
268,26,4.3,19.5,10.9,5.6,0.0,2018-09-26
269,27,6.2,23.3,13.6,3.9,0.0,2018-09-27
270,28,7.2,16.9,11.8,6.0,0.0,2018-09-28
271,29,2.0,15.9,8.4,1.8,0.0,2018-09-29
272,30,0.9,17.5,9.1,2.9,0.0,2018-09-30
273,1,8.0,13.7,10.3,8.0,3.0,2018-10-01
274,2,6.7,16.6,10.9,11.3,0.6,2018-10-02
275,3,7.4,16.4,12.5,6.9,0.0,2018-10-03
276,4,7.6,18.8,13.3,6.3,0.0,2018-10-04
277,5,6.3,22.9,12.8,2.9,0.0,2018-10-05
278,6,6.8,23.4,14.2,4.3,0.6,2018-10-06
279,7,4.7,14.7,11.4,7.2,0.0,2018-10-07
280,8,2.1,17.3,8.7,2.6,0.0,2018-10-08
281,9,3.2,20.8,10.2,1.6,0.0,2018-10-09
282,10,5.3,24.4,14.1,5.0,0.0,2018-10-10
283,11,9.9,24.7,16.4,6.0,0.0,2018-10-11
284,12,14.2,24.6,18.7,8.0,0.0,2018-10-12
285,13,14.6,27.3,19.9,6.8,0.0,2018-10-13
286,14,12.6,25.9,17.8,6.9,0.0,2018-10-14
287,15,12.1,24.4,16.8,4.7,0.0,2018-10-15
288,16,8.4,24.8,14.7,2.3,0.0,2018-10-16
289,17,8.1,20.2,13.9,2.9,0.0,2018-10-17
290,18,9.8,15.7,13.1,4.3,0.0,2018-10-18
291,19,6.9,16.5,10.6,3.2,0.0,2018-10-19
292,20,2.6,15.2,7.9,1.1,0.0,2018-10-20
293,21,3.2,17.5,9.2,1.3,0.0,2018-10-21
294,22,3.2,15.9,11.1,5.1,0.4,2018-10-22
295,23,3.2,14.4,10.5,12.1,0.0,2018-10-23
296,24,12.5,15.4,14.1,10.6,0.6,2018-10-24
297,25,10.6,13.4,12.2,9.3,0.2,2018-10-25
298,26,5.9,11.7,9.5,11.7,4.4,2018-10-26
299,27,4.1,11.5,6.9,6.9,0.8,2018-10-27
300,28,1.4,7.3,4.2,9.8,0.0,2018-10-28
301,29,2.6,6.2,4.4,9.5,0.0,2018-10-29
302,30,3.3,8.9,5.6,13.5,29.4,2018-10-30
303,31,3.1,11.8,7.8,7.9,0.2,2018-10-31
304,1,7.7,12.6,9.8,6.4,3.6,2018-11-01
305,2,1.3,11.3,8.1,8.5,1.2,2018-11-02
306,3,-0.9,10.5,3.0,2.1,0.0,2018-11-03
307,4,-2.1,13.6,4.8,3.5,0.2,2018-11-04
308,5,4.6,11.6,8.2,5.1,0.2,2018-11-05
309,6,4.6,18.2,10.4,4.0,0.0,2018-11-06
310,7,7.9,14.3,10.7,8.4,1.8,2018-11-07
311,8,4.2,13.9,9.1,6.3,0.0,2018-11-08
312,9,5.4,12.0,8.6,4.8,0.0,2018-11-09
313,10,9.1,13.2,11.6,9.8,3.8,2018-11-10
314,11,9.5,13.3,11.4,10.5,3.6,2018-11-11
315,12,7.9,11.0,9.8,2.9,9.0,2018-11-12
316,13,7.4,13.2,9.7,11.1,0.8,2018-11-13
317,14,2.4,13.7,7.1,4.2,0.2,2018-11-14
318,15,1.9,12.8,5.8,4.3,0.2,2018-11-15
319,16,-1.2,9.8,4.1,4.3,0.4,2018-11-16
320,17,0.6,8.7,4.1,9.5,0.0,2018-11-17
321,18,-0.6,6.8,2.5,10.3,0.0,2018-11-18
322,19,1.8,6.6,4.4,13.7,0.8,2018-11-19
323,20,1.8,4.1,3.2,15.8,0.0,2018-11-20
324,21,1.6,5.2,3.1,8.7,0.2,2018-11-21
325,22,-0.8,5.8,2.8,5.0,0.0,2018-11-22
326,23,-2.0,8.1,2.3,4.5,0.0,2018-11-23
327,24,0.4,3.2,2.1,5.8,1.6,2018-11-24
328,25,2.3,4.1,3.2,6.1,0.2,2018-11-25
329,26,3.3,6.2,4.8,8.0,0.8,2018-11-26
330,27,0.7,4.9,3.0,4.2,0.0,2018-11-27
331,28,1.7,8.8,5.3,10.5,3.0,2018-11-28
332,29,8.7,10.3,9.6,10.1,7.0,2018-11-29
333,30,6.7,12.2,9.7,10.8,0.0,2018-11-30
334,1,5.4,9.8,7.4,11.6,1.0,2018-12-01
335,2,9.5,13.5,11.7,13.7,18.4,2018-12-02
336,3,8.1,13.1,12.1,14.5,6.6,2018-12-03
337,4,0.4,9.3,6.2,4.5,0.6,2018-12-04
338,5,0.5,7.9,4.5,6.6,1.2,2018-12-05
339,6,7.9,12.6,10.9,12.6,1.2,2018-12-06
340,7,6.3,11.8,10.1,18.7,10.4,2018-12-07
341,8,5.9,11.0,8.5,22.4,13.0,2018-12-08
342,9,5.7,10.4,8.2,17.2,13.8,2018-12-09
343,10,3.2,7.2,5.2,9.2,2.4,2018-12-10
344,11,0.9,7.7,4.4,5.6,0.0,2018-12-11
345,12,-1.9,4.6,1.2,3.4,0.0,2018-12-12
346,13,-0.2,3.0,0.9,9.5,0.2,2018-12-13
347,14,-0.8,1.8,0.4,6.3,0.2,2018-12-14
348,15,-0.4,0.9,0.2,9.5,0.0,2018-12-15
349,16,-1.0,2.6,1.1,7.1,5.0,2018-12-16
350,17,2.6,7.9,5.3,9.2,2.2,2018-12-17
351,18,4.4,9.0,6.2,10.1,0.2,2018-12-18
352,19,4.9,9.8,7.0,9.0,0.2,2018-12-19
353,20,4.6,8.4,7.1,11.6,2.4,2018-12-20
354,21,7.7,12.7,10.1,19.6,14.4,2018-12-21
355,22,8.3,10.9,9.7,15.4,4.8,2018-12-22
356,23,5.9,8.5,7.6,8.2,11.4,2018-12-23
357,24,1.1,7.7,5.1,4.5,0.2,2018-12-24
358,25,-0.3,6.2,3.6,8.0,0.0,2018-12-25
359,26,-0.8,5.3,1.0,5.1,0.0,2018-12-26
360,27,-2.1,6.7,1.1,2.1,0.0,2018-12-27
361,28,-3.3,3.0,0.2,5.0,0.2,2018-12-28
362,29,3.0,9.7,6.0,13.4,0.2,2018-12-29
363,30,6.5,9.1,7.9,8.9,3.4,2018-12-30
364,31,7.5,9.8,9.0,7.2,0.2,2018-12-31
365,1,5.7,8.5,7.2,12.4,1.2,2019-01-01
366,2,3.6,6.5,4.8,8.4,0.0,2019-01-02
367,3,2.6,5.8,4.2,5.3,0.0,2019-01-03
368,4,3.4,5.3,4.0,7.9,0.0,2019-01-04
369,5,5.3,7.1,6.3,10.8,0.2,2019-01-05
370,6,4.9,6.8,5.7,6.4,0.0,2019-01-06
371,7,1.9,9.6,5.9,10.9,3.4,2019-01-07
372,8,4.5,9.6,6.9,17.7,3.2,2019-01-08
373,9,1.7,7.0,4.2,10.5,0.4,2019-01-09
374,10,-0.5,4.3,1.9,5.1,1.2,2019-01-10
375,11,1.9,8.1,5.5,8.9,3.4,2019-01-11
376,12,5.8,7.8,6.7,13.0,8.0,2019-01-12
377,13,7.3,9.7,8.5,16.4,6.2,2019-01-13
378,14,1.1,7.7,5.2,10.1,7.4,2019-01-14
379,15,1.6,7.2,5.2,13.5,0.2,2019-01-15
380,16,5.1,7.1,6.1,17.7,1.4,2019-01-16
381,17,0.8,5.4,3.3,11.1,7.0,2019-01-17
382,18,-4.1,3.4,-0.9,4.2,0.4,2019-01-18
383,19,-3.8,2.8,-1.2,5.3,0.0,2019-01-19
384,20,-5.8,2.1,-2.6,3.5,0.0,2019-01-20
385,21,-8.2,3.8,-3.6,2.9,0.0,2019-01-21
386,22,-5.3,-1.1,-2.7,7.9,5.0,2019-01-22
387,23,-6.2,0.3,-2.2,5.6,0.0,2019-01-23
388,24,-3.6,-1.7,-2.5,3.1,0.0,2019-01-24
389,25,-2.5,4.7,-0.1,7.7,1.6,2019-01-25
390,26,4.6,8.0,6.8,15.1,0.4,2019-01-26
391,27,3.2,6.8,5.6,15.0,8.2,2019-01-27
392,28,1.6,6.1,3.5,14.6,7.6,2019-01-28
393,29,-0.2,4.4,1.4,9.0,0.2,2019-01-29
394,30,-0.6,1.9,0.6,6.1,0.2,2019-01-30
395,31,-2.7,-0.1,-1.8,6.4,0.0,2019-01-31
396,1,-1.2,2.8,1.1,4.3,3.8,2019-02-01
397,2,0.4,2.2,1.5,5.3,6.6,2019-02-02
398,3,-0.5,6.3,2.4,5.8,0.2,2019-02-03
399,4,-0.8,4.3,1.7,14.8,0.6,2019-02-04
400,5,1.7,5.1,3.2,7.7,0.2,2019-02-05
401,6,1.7,7.3,4.7,9.2,5.0,2019-02-06
402,7,6.5,10.2,8.1,19.2,4.0,2019-02-07
403,8,5.2,9.6,7.7,19.5,2.8,2019-02-08
404,9,7.2,10.4,8.4,22.0,0.4,2019-02-09
405,10,3.3,9.4,6.8,15.3,26.0,2019-02-10
406,11,1.6,8.2,4.8,9.5,2.6,2019-02-11
407,12,0.1,8.5,3.9,9.0,0.2,2019-02-12
408,13,2.3,8.5,4.2,8.2,0.0,2019-02-13
409,14,-1.8,13.1,4.0,3.2,0.0,2019-02-14
410,15,-2.6,16.9,4.7,4.7,0.0,2019-02-15
411,16,-0.1,14.9,5.6,5.1,0.0,2019-02-16
412,17,-1.1,17.7,6.4,5.1,0.2,2019-02-17
413,18,-0.9,16.7,6.6,5.5,0.0,2019-02-18
414,19,3.8,11.2,7.5,11.3,0.0,2019-02-19
415,20,3.1,11.6,6.8,8.4,0.0,2019-02-20
416,21,3.0,12.7,7.9,9.0,1.2,2019-02-21
417,22,5.7,11.3,8.7,4.2,0.0,2019-02-22
418,23,2.4,12.2,6.5,6.4,0.4,2019-02-23
419,24,-1.8,15.4,6.2,3.4,0.0,2019-02-24
420,25,0.6,18.5,7.9,3.5,0.0,2019-02-25
421,26,-0.3,19.3,7.8,2.4,0.0,2019-02-26
422,27,-0.7,20.7,8.7,4.0,0.0,2019-02-27
423,28,2.2,12.9,8.3,10.0,0.0,2019-02-28
424,1,5.4,9.4,7.0,8.0,1.4,2019-03-01
425,2,4.1,11.8,7.7,9.5,0.4,2019-03-02
426,3,8.7,12.6,10.5,18.5,8.2,2019-03-03
427,4,5.4,12.9,9.1,23.3,5.0,2019-03-04
428,5,4.6,10.8,6.9,15.8,0.8,2019-03-05
429,6,6.9,12.9,10.1,12.4,0.6,2019-03-06
430,7,7.0,11.3,9.1,21.6,11.0,2019-03-07
431,8,6.3,10.2,7.8,14.5,3.4,2019-03-08
432,9,6.1,11.9,8.8,19.3,6.6,2019-03-09
433,10,2.8,11.8,6.4,15.3,13.0,2019-03-10
434,11,2.6,8.1,5.1,17.2,2.0,2019-03-11
435,12,1.6,10.3,6.3,18.7,3.0,2019-03-12
436,13,4.3,7.9,6.3,22.0,8.2,2019-03-13
437,14,5.7,10.9,7.8,18.2,10.8,2019-03-14
438,15,6.4,13.5,9.5,15.8,9.8,2019-03-15
439,16,7.0,11.4,9.9,18.2,5.8,2019-03-16
440,17,3.5,11.4,7.4,18.0,7.6,2019-03-17
441,18,-0.2,9.2,5.1,10.5,1.2,2019-03-18
442,19,-1.7,11.7,4.4,4.0,0.0,2019-03-19
443,20,1.4,12.3,8.3,6.1,0.0,2019-03-20
444,21,2.9,15.1,9.2,4.0,0.0,2019-03-21
445,22,4.5,20.5,10.8,4.2,0.2,2019-03-22
446,23,5.3,11.8,9.0,5.8,0.0,2019-03-23
447,24,1.7,11.3,6.5,6.6,0.0,2019-03-24
448,25,4.1,10.1,7.1,14.0,2.8,2019-03-25
449,26,4.9,9.8,7.5,7.2,0.0,2019-03-26
450,27,3.3,11.9,8.3,4.0,0.0,2019-03-27
451,28,3.8,12.7,9.1,2.6,0.0,2019-03-28
452,29,0.5,18.7,9.2,2.4,0.0,2019-03-29
453,30,2.8,18.4,10.8,5.5,0.0,2019-03-30
454,31,5.9,12.6,9.2,11.4,0.0,2019-03-31
455,1,1.2,15.2,7.7,10.0,0.0,2019-04-01
456,2,2.2,16.6,8.5,8.0,3.6,2019-04-02
457,3,4.2,10.3,7.3,7.2,0.6,2019-04-03
458,4,1.6,10.5,5.6,3.4,0.0,2019-04-04
459,5,0.4,12.1,6.9,6.6,0.0,2019-04-05
460,6,7.3,16.3,10.9,7.6,0.0,2019-04-06
461,7,7.7,21.1,14.8,7.4,0.0,2019-04-07
462,8,5.6,21.1,12.6,4.8,0.0,2019-04-08
463,9,6.3,15.2,10.9,10.6,0.0,2019-04-09
464,10,2.7,12.6,7.6,13.7,0.0,2019-04-10
465,11,-0.1,11.2,5.9,8.7,0.0,2019-04-11
466,12,1.9,8.1,5.3,8.5,0.0,2019-04-12
467,13,-1.3,8.2,3.1,8.7,0.0,2019-04-13
468,14,-0.6,11.3,5.1,8.7,0.2,2019-04-14
469,15,0.8,17.7,9.7,9.0,0.0,2019-04-15
470,16,5.3,20.3,12.7,9.8,0.0,2019-04-16
471,17,7.4,15.9,12.1,4.8,0.0,2019-04-17
472,18,10.4,22.4,16.2,10.9,0.0,2019-04-18
473,19,9.7,24.6,17.2,8.2,0.0,2019-04-19
474,20,7.2,25.0,17.2,7.1,0.0,2019-04-20
475,21,7.8,24.6,16.7,6.0,0.0,2019-04-21
476,22,6.0,26.3,17.3,9.3,0.0,2019-04-22
477,23,9.6,21.6,15.7,10.6,0.0,2019-04-23
478,24,10.4,25.9,16.6,10.6,9.2,2019-04-24
479,25,8.1,18.3,12.3,9.3,0.8,2019-04-25
480,26,8.9,16.7,12.3,6.8,0.0,2019-04-26
481,27,7.5,13.2,9.9,10.9,4.8,2019-04-27
482,28,5.6,13.8,9.4,6.1,0.0,2019-04-28
483,29,2.0,16.6,10.1,5.0,0.0,2019-04-29
484,30,5.7,12.7,10.6,6.1,0.0,2019-04-30
485,1,2.1,15.9,9.2,3.4,0.0,2019-05-01
486,2,2.8,15.1,9.2,6.8,0.2,2019-05-02
487,3,6.1,11.7,8.9,7.2,0.4,2019-05-03
488,4,4.2,10.1,6.7,8.9,5.8,2019-05-04
489,5,2.6,11.4,6.6,7.7,0.8,2019-05-05
490,6,1.9,10.8,6.7,8.2,0.6,2019-05-06
491,7,3.3,14.1,8.8,3.1,0.0,2019-05-07
492,8,6.8,13.0,9.9,7.4,1.6,2019-05-08
493,9,6.3,16.7,11.8,6.3,0.2,2019-05-09
494,10,9.4,13.7,11.2,5.6,1.6,2019-05-10
495,11,7.6,15.7,11.3,7.9,0.0,2019-05-11
496,12,3.0,14.9,9.7,6.1,0.4,2019-05-12
497,13,1.4,16.7,10.1,5.8,0.0,2019-05-13
498,14,4.5,16.9,10.8,6.4,0.0,2019-05-14
499,15,4.9,17.3,11.9,7.1,0.0,2019-05-15
500,16,4.9,18.1,11.8,6.1,0.0,2019-05-16
501,17,9.4,12.7,11.2,4.0,0.0,2019-05-17
502,18,8.3,22.4,15.4,2.9,0.0,2019-05-18
503,19,12.6,21.8,16.0,5.6,5.4,2019-05-19
504,20,11.3,14.8,13.2,7.6,0.0,2019-05-20
505,21,10.4,13.3,11.6,9.7,0.0,2019-05-21
506,22,9.7,19.7,14.0,5.8,0.0,2019-05-22
507,23,5.2,22.0,14.8,5.3,0.0,2019-05-23
508,24,8.4,22.9,16.1,6.4,0.0,2019-05-24
509,25,7.4,19.1,13.6,2.4,0.0,2019-05-25
510,26,8.6,22.1,15.9,11.1,0.0,2019-05-26
511,27,10.8,18.7,15.2,8.5,1.6,2019-05-27
512,28,8.4,15.7,12.3,4.2,9.4,2019-05-28
513,29,3.4,19.5,12.7,3.7,0.0,2019-05-29
514,30,13.0,22.1,16.7,9.7,0.0,2019-05-30
515,31,13.4,21.0,18.3,9.7,0.0,2019-05-31
516,1,9.9,27.0,18.9,3.5,0.0,2019-06-01
517,2,13.6,31.6,23.3,7.1,0.6,2019-06-02
518,3,13.8,21.2,18.2,5.0,0.2,2019-06-03
519,4,11.7,26.2,19.4,5.8,8.0,2019-06-04
520,5,15.1,20.3,17.6,5.3,1.0,2019-06-05
521,6,11.3,19.4,15.2,9.0,21.0,2019-06-06
522,7,9.7,22.8,15.4,9.7,0.0,2019-06-07
523,8,12.9,18.2,15.0,20.1,1.4,2019-06-08
524,9,9.0,20.7,15.3,4.2,0.0,2019-06-09
525,10,12.9,22.7,17.1,4.0,1.4,2019-06-10
526,11,11.7,20.1,15.9,6.0,0.2,2019-06-11
527,12,11.3,18.0,14.7,5.6,22.6,2019-06-12
528,13,10.4,19.4,14.3,8.7,10.4,2019-06-13
529,14,10.9,25.0,17.8,3.5,0.0,2019-06-14
530,15,13.3,20.3,16.8,4.3,10.8,2019-06-15
531,16,11.4,22.3,16.9,6.1,0.0,2019-06-16
532,17,10.8,26.9,19.7,1.6,0.0,2019-06-17
533,18,13.9,28.2,21.8,0.8,0.0,2019-06-18
534,19,15.7,26.6,20.4,2.7,0.4,2019-06-19
535,20,14.5,21.3,17.9,8.5,0.0,2019-06-20
536,21,9.8,20.3,15.6,5.8,0.0,2019-06-21
537,22,9.3,23.8,17.4,3.5,0.0,2019-06-22
538,23,12.8,29.5,22.2,4.3,0.0,2019-06-23
539,24,19.1,32.2,25.7,4.8,0.0,2019-06-24
540,25,20.2,34.8,27.4,6.1,0.0,2019-06-25
541,26,17.6,24.8,21.2,6.9,0.0,2019-06-26
542,27,14.3,24.2,18.3,6.8,0.0,2019-06-27
543,28,10.7,25.3,18.0,3.7,0.0,2019-06-28
544,29,13.5,33.4,23.7,3.2,0.0,2019-06-29
545,30,16.1,25.9,21.5,7.6,0.0,2019-06-30
546,1,14.5,22.6,18.6,9.7,0.0,2019-07-01
547,2,13.0,22.4,17.8,5.5,0.0,2019-07-02
548,3,11.0,20.9,16.1,5.5,0.0,2019-07-03
549,4,7.9,23.5,16.4,3.1,0.0,2019-07-04
550,5,15.4,24.2,19.4,6.8,0.0,2019-07-05
551,6,11.0,24.8,17.3,6.3,1.4,2019-07-06
552,7,9.8,18.8,15.2,5.1,0.2,2019-07-07
553,8,8.6,17.3,13.8,5.8,0.0,2019-07-08
554,9,8.5,20.7,15.1,4.2,0.0,2019-07-09
555,10,9.1,20.4,14.6,1.6,3.2,2019-07-10
556,11,14.4,24.4,19.2,4.8,0.0,2019-07-11
557,12,13.9,19.7,16.7,5.3,4.0,2019-07-12
558,13,14.9,19.6,16.9,5.1,2.0,2019-07-13
559,14,12.2,18.4,15.4,3.9,0.2,2019-07-14
560,15,10.5,18.5,14.8,3.5,0.2,2019-07-15
561,16,10.3,20.2,15.4,2.6,0.0,2019-07-16
562,17,9.2,24.3,17.2,1.6,0.0,2019-07-17
563,18,14.1,23.7,18.9,6.9,0.0,2019-07-18
564,19,15.6,25.6,20.1,4.7,0.0,2019-07-19
565,20,16.1,24.8,20.6,5.8,0.4,2019-07-20
566,21,14.6,23.6,19.3,6.9,0.0,2019-07-21
567,22,13.8,28.4,21.1,6.3,0.0,2019-07-22
568,23,14.5,33.7,24.7,2.9,0.0,2019-07-23
569,24,16.8,38.4,28.4,4.5,0.0,2019-07-24
570,25,17.7,39.1,28.9,3.1,0.0,2019-07-25
571,26,23.6,38.1,29.0,8.0,0.0,2019-07-26
572,27,18.9,24.7,21.2,5.1,11.2,2019-07-27
573,28,17.7,19.7,18.7,5.6,0.0,2019-07-28
574,29,13.6,25.6,19.6,2.7,0.0,2019-07-29
575,30,12.2,28.6,20.9,6.0,0.0,2019-07-30
576,31,15.5,23.0,18.7,10.0,0.6,2019-07-31
577,1,11.9,22.8,17.9,6.4,0.4,2019-08-01
578,2,13.0,21.8,17.7,7.6,9.4,2019-08-02
579,3,13.9,21.0,17.6,2.6,0.0,2019-08-03
580,4,11.1,25.9,18.9,1.4,0.0,2019-08-04
581,5,17.7,25.6,21.3,7.6,0.0,2019-08-05
582,6,15.4,24.2,19.9,8.0,0.0,2019-08-06
583,7,14.8,24.1,19.6,9.5,0.0,2019-08-07
584,8,14.1,24.5,18.8,8.7,0.0,2019-08-08
585,9,14.7,24.6,19.6,5.3,11.6,2019-08-09
586,10,18.3,24.6,20.8,16.1,0.0,2019-08-10
587,11,14.4,22.6,18.4,10.3,0.0,2019-08-11
588,12,13.2,23.1,16.4,6.8,7.0,2019-08-12
589,13,11.6,18.9,14.2,6.1,7.4,2019-08-13
590,14,9.8,21.7,15.8,4.3,4.8,2019-08-14
591,15,15.4,21.4,17.7,10.3,8.0,2019-08-15
592,16,11.6,21.9,16.9,4.7,0.0,2019-08-16
593,17,16.4,19.7,17.8,6.8,7.6,2019-08-17
594,18,14.5,19.5,16.6,2.9,7.4,2019-08-18
595,19,12.8,21.9,16.5,5.6,0.6,2019-08-19
596,20,11.5,20.8,16.1,1.8,0.2,2019-08-20
597,21,7.7,22.6,15.3,0.2,0.0,2019-08-21
598,22,8.3,25.2,17.1,0.2,0.0,2019-08-22
599,23,9.2,26.4,18.4,0.0,0.0,2019-08-23
600,24,12.5,30.2,21.2,1.0,0.0,2019-08-24
601,25,11.5,31.9,21.8,1.0,0.0,2019-08-25
602,26,15.3,32.4,23.7,1.4,0.0,2019-08-26
603,27,17.3,33.9,24.6,1.6,0.0,2019-08-27
604,28,16.8,29.4,22.9,4.3,1.0,2019-08-28
605,29,18.1,23.6,18.6,10.2,20.0,2019-08-29
606,30,9.9,24.4,17.0,6.5,0.0,2019-08-30
607,31,10.3,30.7,21.9,4.8,0.2,2019-08-31
608,1,13.1,20.7,17.4,7.1,0.0,2019-09-01
609,2,10.8,21.1,15.6,6.1,0.0,2019-09-02
610,3,12.0,19.2,16.1,7.4,0.0,2019-09-03
611,4,13.6,20.9,16.2,9.3,5.4,2019-09-04
612,5,10.5,16.9,13.9,8.7,2.8,2019-09-05
613,6,6.8,18.9,13.2,8.7,0.0,2019-09-06
614,7,11.9,17.9,14.4,6.1,1.6,2019-09-07
615,8,10.7,18.4,14.2,5.0,0.2,2019-09-08
616,9,6.0,19.1,12.1,3.2,0.0,2019-09-09
617,10,4.4,20.2,12.4,2.4,0.0,2019-09-10
618,11,7.4,16.4,13.0,6.9,3.2,2019-09-11
619,12,16.4,22.8,18.9,9.5,0.0,2019-09-12
620,13,12.4,21.6,18.2,7.1,0.2,2019-09-13
621,14,7.6,21.7,14.1,2.3,0.0,2019-09-14
622,15,5.9,24.2,14.8,5.1,0.0,2019-09-15
623,16,12.4,16.2,14.5,1.8,0.2,2019-09-16
624,17,8.6,18.3,13.1,6.1,0.0,2019-09-17
625,18,3.7,18.1,11.1,3.4,0.0,2019-09-18
626,19,6.2,17.6,11.8,1.8,0.0,2019-09-19
627,20,3.3,19.7,11.6,2.9,0.0,2019-09-20
628,21,8.3,25.3,16.1,7.4,0.0,2019-09-21
629,22,11.3,27.6,18.5,6.4,0.4,2019-09-22
630,23,11.6,19.4,16.2,5.8,2.2,2019-09-23
631,24,11.6,18.9,14.9,6.4,5.6,2019-09-24
632,25,12.6,18.1,15.0,7.9,2.4,2019-09-25
633,26,14.2,18.6,16.0,8.4,14.8,2019-09-26
634,27,13.1,19.6,15.2,10.6,0.8,2019-09-27
635,28,13.5,17.7,15.2,16.1,1.4,2019-09-28
636,29,13.3,17.1,15.0,13.5,19.2,2019-09-29
637,30,12.8,17.8,14.9,12.1,10.4,2019-09-30
638,1,13.2,17.6,15.2,10.0,28.8,2019-10-01
639,2,8.7,14.2,11.0,7.7,1.0,2019-10-02
640,3,8.9,14.7,11.0,7.2,2.0,2019-10-03
641,4,8.7,14.8,11.1,8.9,17.0,2019-10-04
642,5,8.5,12.9,10.2,3.9,0.0,2019-10-05
643,6,8.4,9.4,9.0,9.2,22.8,2019-10-06
644,7,8.2,12.7,10.2,5.1,0.2,2019-10-07
645,8,11.9,15.5,13.3,10.6,8.2,2019-10-08
646,9,10.7,13.9,11.9,12.9,1.2,2019-10-09
647,10,9.1,15.5,12.1,12.4,1.0,2019-10-10
648,11,12.2,16.4,14.2,14.5,1.8,2019-10-11
649,12,11.3,18.4,15.1,7.9,0.0,2019-10-12
650,13,12.1,23.7,17.6,8.5,3.0,2019-10-13
651,14,10.5,21.8,16.1,4.7,0.0,2019-10-14
652,15,13.1,16.8,15.1,4.0,3.0,2019-10-15
653,16,10.7,14.3,13.0,7.9,8.4,2019-10-16
654,17,10.9,17.2,13.6,6.3,2.2,2019-10-17
655,18,9.3,14.9,12.2,10.6,9.0,2019-10-18
656,19,9.0,13.9,11.5,6.0,2.8,2019-10-19
657,20,7.9,11.9,10.3,1.3,4.2,2019-10-20
658,21,11.3,15.0,12.5,6.1,3.2,2019-10-21
659,22,10.6,16.2,12.8,5.1,0.0,2019-10-22
660,23,10.5,16.7,12.8,3.5,0.0,2019-10-23
661,24,10.7,20.4,14.5,6.9,0.0,2019-10-24
662,25,11.3,16.4,13.8,12.1,0.0,2019-10-25
663,26,13.9,20.2,16.4,14.8,0.0,2019-10-26
664,27,4.6,17.6,10.0,6.1,2.6,2019-10-27
665,28,1.7,13.1,6.8,0.3,0.0,2019-10-28
666,29,3.1,11.4,6.7,2.4,0.0,2019-10-29
667,30,1.9,9.2,4.6,4.2,0.0,2019-10-30
668,31,0.5,10.3,4.1,5.3,0.4,2019-10-31
669,1,0.9,12.7,7.2,5.3,6.4,2019-11-01
670,2,10.9,14.6,13.4,13.2,3.6,2019-11-02
671,3,8.9,12.9,10.9,5.1,6.2,2019-11-03
672,4,9.0,12.7,10.4,5.3,6.4,2019-11-04
673,5,8.4,10.2,8.9,3.7,1.4,2019-11-05
674,6,7.3,11.6,8.7,2.3,1.4,2019-11-06
675,7,4.3,9.9,7.9,7.1,5.2,2019-11-07
676,8,0.8,11.7,4.7,2.3,0.2,2019-11-08
677,9,0.8,9.2,5.3,7.9,1.8,2019-11-09
678,10,-2.2,9.8,2.0,0.5,0.2,2019-11-10
679,11,-0.6,8.3,4.8,10.1,3.6,2019-11-11
680,12,3.8,7.7,5.1,10.3,0.4,2019-11-12
681,13,4.3,7.9,5.7,7.6,7.4,2019-11-13
682,14,3.3,8.4,5.7,5.1,0.2,2019-11-14
683,15,2.1,6.4,4.3,5.6,0.0,2019-11-15
684,16,-0.4,7.1,3.2,0.8,0.0,2019-11-16
685,17,-0.3,6.8,3.9,2.6,4.0,2019-11-17
686,18,4.2,7.4,5.9,7.9,9.6,2019-11-18
687,19,1.0,8.6,5.0,5.8,5.6,2019-11-19
688,20,-1.9,5.9,1.4,3.5,0.2,2019-11-20
689,21,0.9,3.1,1.9,6.0,0.0,2019-11-21
690,22,2.3,11.0,6.1,7.1,1.6,2019-11-22
691,23,4.0,8.2,5.8,8.4,0.0,2019-11-23
692,24,0.7,10.6,5.4,1.3,0.0,2019-11-24
693,25,4.9,12.2,7.3,2.4,0.0,2019-11-25
694,26,4.9,11.7,9.4,6.0,0.6,2019-11-26
695,27,9.4,11.8,10.5,11.7,10.4,2019-11-27
696,28,8.1,10.4,9.6,16.7,11.6,2019-11-28
697,29,2.6,9.3,6.1,5.0,0.0,2019-11-29
698,30,-2.2,7.8,1.4,0.6,0.2,2019-11-30
699,1,-1.1,4.0,1.2,4.5,0.2,2019-12-01
700,2,-1.2,8.7,4.2,3.2,0.4,2019-12-02
701,3,1.9,6.7,4.3,3.9,0.2,2019-12-03
702,4,-1.7,2.7,0.7,1.3,0.2,2019-12-04
703,5,-0.6,3.6,1.6,8.7,0.2,2019-12-05
704,6,2.5,9.3,5.4,19.6,8.2,2019-12-06
705,7,8.5,9.9,9.2,13.2,0.8,2019-12-07
706,8,6.8,11.7,9.5,20.8,1.8,2019-12-08
707,9,4.5,8.0,6.7,12.6,8.0,2019-12-09
708,10,1.4,7.2,4.7,12.1,0.0,2019-12-10
709,11,3.8,7.5,5.8,10.0,5.8,2019-12-11
710,12,2.9,6.7,4.6,11.4,0.2,2019-12-12
711,13,3.2,6.9,4.6,9.8,8.6,2019-12-13
712,14,4.8,7.5,5.8,15.0,8.2,2019-12-14
713,15,3.9,9.4,7.4,15.6,3.8,2019-12-15
714,16,3.9,8.5,6.6,3.2,1.0,2019-12-16
715,17,6.7,15.7,10.7,8.2,2.6,2019-12-17
716,18,4.2,10.2,6.7,5.5,0.2,2019-12-18
717,19,6.4,15.2,10.3,8.4,0.2,2019-12-19
718,20,7.2,14.0,10.4,12.1,1.8,2019-12-20
719,21,5.1,9.6,7.2,9.7,0.0,2019-12-21
720,22,6.5,9.1,7.7,10.1,13.4,2019-12-22
721,23,6.1,8.9,7.7,11.6,2.2,2019-12-23
722,24,5.7,11.1,8.4,13.8,3.2,2019-12-24
723,25,6.2,10.0,7.9,8.0,2.2,2019-12-25
724,26,4.7,6.6,5.7,3.1,2.6,2019-12-26
725,27,1.8,6.1,4.8,5.1,2.0,2019-12-27
726,28,-1.6,4.1,0.5,1.1,0.2,2019-12-28
727,29,-2.6,3.4,0.2,2.6,0.0,2019-12-29
728,30,-0.5,9.8,3.9,7.1,0.0,2019-12-30
729,31,1.3,5.6,3.7,4.0,0.0,2019-12-31
730,1,-1.2,2.0,0.1,3.1,0.2,2020-01-01
731,2,-0.2,7.2,2.8,7.2,0.2,2020-01-02
732,3,3.9,9.9,8.0,12.6,5.6,2020-01-03
733,4,3.8,8.0,5.9,11.1,0.4,2020-01-04
734,5,6.2,7.2,6.6,7.1,0.0,2020-01-05
735,6,3.0,8.4,5.9,8.0,0.0,2020-01-06
736,7,4.9,8.7,7.1,12.2,1.4,2020-01-07
737,8,7.4,12.2,10.3,9.5,1.8,2020-01-08
738,9,9.8,12.7,11.6,12.4,2.6,2020-01-09
739,10,3.2,11.5,7.2,7.9,6.8,2020-01-10
740,11,2.1,7.3,4.9,10.3,0.2,2020-01-11
741,12,4.2,9.3,6.6,13.8,3.2,2020-01-12
742,13,6.5,10.4,8.0,11.7,0.0,2020-01-13
743,14,8.8,12.0,10.4,20.8,2.4,2020-01-14
744,15,5.6,12.6,10.1,16.6,3.4,2020-01-15
745,16,1.7,12.6,6.6,7.1,0.2,2020-01-16
746,17,4.3,10.3,8.5,11.1,0.2,2020-01-17
747,18,2.3,7.8,4.5,10.3,1.2,2020-01-18
748,19,1.2,7.7,3.7,4.5,0.2,2020-01-19
749,20,-1.0,5.0,2.1,1.0,0.2,2020-01-20
750,21,-1.4,1.1,-0.5,2.3,0.0,2020-01-21
751,22,-0.9,4.6,1.9,2.4,0.4,2020-01-22
752,23,2.4,5.4,3.9,2.4,0.0,2020-01-23
753,24,0.6,2.4,1.5,3.4,0.2,2020-01-24
754,25,0.3,1.7,1.1,3.1,0.0,2020-01-25
755,26,1.3,10.9,5.3,6.9,0.0,2020-01-26
756,27,7.2,9.4,8.2,11.3,3.6,2020-01-27
757,28,3.2,8.1,5.4,17.4,7.6,2020-01-28
758,29,3.5,6.9,5.1,15.0,0.8,2020-01-29
759,30,5.6,11.7,8.1,15.1,2.2,2020-01-30
760,31,10.4,12.6,11.6,17.2,0.2,2020-01-31
761,1,8.7,12.6,11.2,17.7,3.2,2020-02-01
762,2,6.7,12.4,9.5,14.3,6.2,2020-02-02
763,3,5.8,11.3,9.8,13.5,6.0,2020-02-03
764,4,2.9,6.9,5.3,10.1,6.4,2020-02-04
765,5,2.8,8.7,5.6,3.5,0.2,2020-02-05
766,6,0.7,7.9,3.8,2.3,0.0,2020-02-06
767,7,-1.2,8.8,3.4,6.0,0.0,2020-02-07
768,8,2.3,11.6,7.0,8.7,0.8,2020-02-08
769,9,6.6,12.7,9.8,26.6,13.4,2020-02-09
770,10,5.4,11.7,8.6,27.7,4.2,2020-02-10
771,11,4.2,7.1,5.9,22.5,1.4,2020-02-11
772,12,3.4,8.0,4.9,15.9,2.0,2020-02-12
773,13,2.1,9.4,5.6,9.8,12.4,2020-02-13
774,14,5.8,9.2,7.2,9.7,0.6,2020-02-14
775,15,7.2,13.1,10.1,16.4,0.0,2020-02-15
776,16,8.2,17.8,13.3,30.6,11.0,2020-02-16
777,17,6.2,10.8,8.1,20.8,2.8,2020-02-17
778,18,5.2,9.5,7.5,19.6,0.6,2020-02-18
779,19,3.8,8.1,6.1,14.3,10.0,2020-02-19
780,20,5.3,10.5,8.2,17.2,6.0,2020-02-20
781,21,2.8,9.1,6.5,16.7,0.0,2020-02-21
782,22,6.9,10.3,8.8,23.8,1.6,2020-02-22
783,23,5.5,12.3,9.4,19.8,29.8,2020-02-23
784,24,3.2,11.5,7.2,13.8,6.0,2020-02-24
785,25,3.2,10.7,7.4,15.4,1.8,2020-02-25
786,26,0.6,6.1,3.1,10.0,16.4,2020-02-26
787,27,1.4,3.6,2.6,7.6,9.0,2020-02-27
788,28,0.6,7.1,3.9,12.7,6.4,2020-02-28
789,29,5.1,13.6,9.0,18.8,2.0,2020-02-29
790,1,4.9,9.9,7.1,17.4,0.0,2020-03-01
791,2,3.8,8.7,6.0,7.7,6.0,2020-03-02
792,3,1.2,9.4,4.7,8.5,0.8,2020-03-03
793,4,2.4,10.5,6.1,7.7,0.6,2020-03-04
794,5,4.7,7.4,5.8,9.2,13.6,2020-03-05
795,6,4.8,9.0,6.1,7.9,3.4,2020-03-06
796,7,2.2,10.6,7.1,9.2,0.0,2020-03-07
797,8,7.0,9.9,8.3,14.0,5.2,2020-03-08
798,9,6.6,10.0,7.7,11.3,2.8,2020-03-09
799,10,6.3,13.2,10.4,21.4,11.4,2020-03-10
800,11,9.7,14.2,11.6,13.8,13.4,2020-03-11
801,12,6.4,13.5,9.6,22.5,3.4,2020-03-12
802,13,3.8,11.2,7.4,14.2,0.6,2020-03-13
803,14,0.6,12.4,6.8,7.2,0.2,2020-03-14
804,15,6.6,12.8,9.4,8.9,0.0,2020-03-15
805,16,3.4,13.3,8.9,2.3,0.0,2020-03-16
806,17,3.3,14.4,9.1,8.4,0.0,2020-03-17
807,18,5.5,16.6,11.2,8.9,0.0,2020-03-18
808,19,5.6,14.0,9.7,3.9,0.0,2020-03-19
809,20,5.3,8.8,7.2,10.5,3.0,2020-03-20
810,21,1.5,9.4,5.3,16.1,0.0,2020-03-21
811,22,-0.1,9.9,4.6,14.2,0.0,2020-03-22
812,23,0.7,10.5,5.0,11.1,0.0,2020-03-23
813,24,0.2,11.2,5.1,7.6,0.0,2020-03-24
814,25,-2.0,11.9,5.4,8.5,0.0,2020-03-25
815,26,0.8,11.8,6.5,12.9,0.0,2020-03-26
816,27,2.2,15.7,8.9,10.1,0.0,2020-03-27
817,28,4.3,13.9,8.8,12.9,0.0,2020-03-28
818,29,0.4,7.4,4.5,15.0,0.2,2020-03-29
819,30,-3.0,9.6,3.6,5.0,0.0,2020-03-30
820,31,-0.2,9.5,4.6,6.3,0.0,2020-03-31
821,1,-2.8,10.2,4.5,2.9,0.0,2020-04-01
822,2,0.3,10.4,6.4,7.7,0.0,2020-04-02
823,3,1.2,10.8,7.8,8.4,0.0,2020-04-03
824,4,-1.9,15.3,6.9,4.0,0.0,2020-04-04
825,5,1.3,20.4,12.0,8.7,0.0,2020-04-05
826,6,7.6,23.4,15.2,9.5,0.0,2020-04-06
827,7,4.6,19.7,13.4,5.0,0.0,2020-04-07
828,8,6.7,24.3,15.8,1.6,0.0,2020-04-08
829,9,9.1,20.6,14.8,5.1,0.0,2020-04-09
830,10,5.7,19.2,12.6,6.6,0.0,2020-04-10
831,11,4.6,21.6,13.0,3.7,0.0,2020-04-11
832,12,4.5,23.3,13.7,2.9,0.0,2020-04-12
833,13,5.2,11.7,8.9,11.7,0.0,2020-04-13
834,14,2.8,9.9,6.9,4.3,0.0,2020-04-14
835,15,-0.2,17.6,8.8,1.4,0.0,2020-04-15
836,16,3.6,22.6,13.5,1.8,0.0,2020-04-16
837,17,6.5,18.5,12.6,8.9,0.0,2020-04-17
838,18,6.8,15.3,11.5,4.3,0.6,2020-04-18
839,19,7.7,18.2,12.8,8.7,0.0,2020-04-19
840,20,6.6,18.7,12.9,16.1,0.0,2020-04-20
841,21,8.2,19.5,13.9,16.9,0.0,2020-04-21
842,22,9.1,21.4,15.3,12.4,0.0,2020-04-22
843,23,7.8,23.3,15.7,4.7,0.0,2020-04-23
844,24,7.3,19.2,13.3,5.6,0.0,2020-04-24
845,25,7.1,15.4,10.6,4.5,0.0,2020-04-25
846,26,3.4,17.4,10.7,2.4,0.0,2020-04-26
847,27,3.2,21.9,13.4,4.3,0.0,2020-04-27
848,28,7.7,14.7,11.7,4.0,1.4,2020-04-28
849,29,10.3,17.2,12.9,10.8,2.6,2020-04-29
850,30,8.1,17.2,11.6,11.4,4.0,2020-04-30
851,1,7.4,15.3,10.2,11.6,2.0,2020-05-01
852,2,6.7,14.4,10.1,9.7,5.2,2020-05-02
853,3,4.7,16.9,11.7,4.7,0.0,2020-05-03
854,4,8.2,17.1,12.3,6.0,0.0,2020-05-04
855,5,3.7,14.9,9.7,5.8,0.0,2020-05-05
856,6,4.3,17.9,11.8,3.7,0.0,2020-05-06
857,7,3.7,20.6,13.3,1.4,0.0,2020-05-07
858,8,6.3,22.2,15.4,1.8,0.0,2020-05-08
859,9,9.0,24.7,17.8,3.7,0.0,2020-05-09
860,10,7.3,21.4,14.7,4.5,0.2,2020-05-10
861,11,5.8,13.1,8.9,14.0,0.4,2020-05-11
862,12,1.5,11.6,7.3,3.1,0.0,2020-05-12
863,13,1.4,13.3,8.5,5.8,0.0,2020-05-13
864,14,1.2,14.7,8.8,7.1,0.0,2020-05-14
865,15,2.1,15.3,9.2,4.5,0.0,2020-05-15
866,16,2.8,17.1,10.8,6.8,0.0,2020-05-16
867,17,2.8,18.8,12.1,4.2,0.0,2020-05-17
868,18,6.7,22.9,15.2,6.9,0.0,2020-05-18
869,19,8.1,23.2,16.1,5.5,0.0,2020-05-19
870,20,10.3,22.3,16.6,3.2,0.0,2020-05-20
871,21,10.1,26.9,19.0,2.7,0.0,2020-05-21
872,22,14.0,26.6,19.0,8.5,1.4,2020-05-22
873,23,12.9,19.2,15.5,13.5,0.2,2020-05-23
874,24,10.6,15.1,13.0,11.9,4.4,2020-05-24
875,25,12.0,21.3,16.2,6.0,0.2,2020-05-25
876,26,7.5,23.5,16.0,2.6,0.0,2020-05-26
877,27,10.3,22.2,16.4,5.3,0.0,2020-05-27
878,28,8.8,20.9,15.4,8.4,0.0,2020-05-28
879,29,6.9,22.6,15.4,4.3,0.0,2020-05-29
880,30,10.3,23.7,17.7,6.1,0.0,2020-05-30
881,31,11.2,21.6,16.7,7.4,0.0,2020-05-31
882,1,11.7,25.2,18.7,4.3,0.0,2020-06-01
883,2,10.7,28.2,20.4,3.5,0.0,2020-06-02
884,3,12.8,23.4,18.0,6.9,0.0,2020-06-03
885,4,9.8,15.2,13.4,7.4,7.6,2020-06-04
886,5,6.3,13.6,10.1,9.5,13.6,2020-06-05
887,6,6.1,17.2,11.8,15.3,2.4,2020-06-06
888,7,10.4,18.1,13.5,11.9,0.0,2020-06-07
889,8,11.4,18.8,14.7,6.3,0.0,2020-06-08
890,9,10.8,17.6,13.8,5.8,0.6,2020-06-09
891,10,9.1,18.5,13.7,1.4,2.2,2020-06-10
892,11,11.4,20.6,15.5,2.1,0.0,2020-06-11
893,12,14.4,26.9,19.8,6.6,14.2,2020-06-12
894,13,15.3,26.1,20.5,3.7,10.8,2020-06-13
895,14,16.7,21.4,19.6,6.1,0.0,2020-06-14
896,15,15.8,23.8,19.4,3.7,0.0,2020-06-15
897,16,16.3,22.5,19.2,3.2,1.2,2020-06-16
898,17,13.1,24.6,18.6,5.0,18.2,2020-06-17
899,18,15.0,22.9,18.2,4.8,6.6,2020-06-18
900,19,12.4,22.9,17.8,6.6,0.2,2020-06-19
901,20,11.8,22.5,17.1,4.7,0.0,2020-06-20
902,21,11.9,24.9,19.1,7.1,0.2,2020-06-21
903,22,12.3,23.0,18.4,6.1,0.0,2020-06-22
904,23,11.2,26.9,20.1,2.3,0.0,2020-06-23
905,24,15.3,29.5,22.8,5.8,0.0,2020-06-24
906,25,16.5,29.6,23.5,7.7,0.0,2020-06-25
907,26,17.7,30.3,23.9,6.1,6.2,2020-06-26
908,27,18.0,25.7,21.0,8.2,3.4,2020-06-27
909,28,16.1,22.1,18.7,11.6,0.0,2020-06-28
910,29,13.7,20.7,16.7,14.0,0.0,2020-06-29
911,30,13.4,20.8,16.3,14.2,1.8,2020-06-30
912,1,16.9,21.5,18.2,10.3,24.8,2020-07-01
913,2,13.5,21.9,16.8,9.7,1.6,2020-07-02
914,3,13.7,22.2,17.4,11.6,0.0,2020-07-03
915,4,14.5,19.4,17.3,14.8,0.8,2020-07-04
916,5,16.1,22.9,19.2,19.5,0.6,2020-07-05
917,6,12.3,18.4,15.3,13.8,0.2,2020-07-06
918,7,8.1,19.9,14.9,6.0,1.4,2020-07-07
919,8,12.6,17.6,14.9,5.3,4.4,2020-07-08
920,9,15.7,20.6,17.4,9.7,3.4,2020-07-09
921,10,11.1,17.8,15.9,7.7,3.4,2020-07-10
922,11,7.6,19.6,13.8,3.1,3.6,2020-07-11
923,12,8.3,21.4,15.3,2.6,0.0,2020-07-12
924,13,9.0,23.8,17.3,3.1,0.0,2020-07-13
925,14,11.6,18.8,15.4,3.4,1.2,2020-07-14
926,15,11.1,20.6,16.3,5.0,0.0,2020-07-15
927,16,13.8,19.0,15.8,5.0,0.6,2020-07-16
928,17,14.3,21.4,17.6,2.7,0.0,2020-07-17
929,18,12.3,26.7,19.9,3.2,0.0,2020-07-18
930,19,13.6,24.9,19.6,5.3,0.0,2020-07-19
931,20,13.9,21.8,17.4,7.2,0.0,2020-07-20
932,21,9.1,22.0,15.8,5.3,0.0,2020-07-21
933,22,8.1,21.0,15.5,3.5,0.0,2020-07-22
934,23,9.0,25.6,18.1,4.8,0.0,2020-07-23
935,24,14.4,22.3,18.7,7.6,0.0,2020-07-24
936,25,15.6,23.3,19.1,7.4,0.6,2020-07-25
937,26,15.7,22.7,19.2,10.0,0.8,2020-07-26
938,27,13.1,25.9,18.1,3.9,1.4,2020-07-27
939,28,13.6,21.9,18.8,12.6,0.0,2020-07-28
940,29,13.1,21.6,17.1,7.7,0.0,2020-07-29
941,30,9.8,26.4,18.7,2.7,0.0,2020-07-30
942,31,14.1,33.6,24.3,5.8,0.0,2020-07-31
943,1,16.2,26.1,22.4,6.9,1.0,2020-08-01
944,2,12.3,23.2,17.7,6.8,0.0,2020-08-02
945,3,9.1,22.9,15.7,3.7,0.0,2020-08-03
946,4,10.6,22.1,17.0,4.5,0.0,2020-08-04
947,5,10.9,29.4,20.4,5.6,0.0,2020-08-05
948,6,12.7,31.4,22.5,2.9,0.0,2020-08-06
949,7,14.7,33.7,24.6,2.7,0.0,2020-08-07
950,8,15.2,34.8,25.8,2.7,0.0,2020-08-08
951,9,21.3,34.4,27.4,3.5,0.0,2020-08-09
952,10,19.0,33.2,26.3,5.0,0.0,2020-08-10
953,11,20.9,34.5,26.3,5.1,0.0,2020-08-11
954,12,21.4,32.6,26.9,5.8,0.0,2020-08-12
955,13,19.8,32.7,24.1,3.5,11.2,2020-08-13
956,14,18.0,27.9,22.9,5.1,0.2,2020-08-14
957,15,18.8,28.8,22.5,3.1,0.0,2020-08-15
958,16,17.9,29.6,22.8,4.7,17.8,2020-08-16
959,17,15.9,26.6,20.2,4.0,0.6,2020-08-17
960,18,15.1,24.8,19.5,6.4,0.4,2020-08-18
961,19,13.8,28.5,21.1,4.8,0.2,2020-08-19
962,20,18.9,28.9,23.7,6.3,1.6,2020-08-20
963,21,18.2,29.9,24.6,9.7,1.6,2020-08-21
964,22,16.8,24.8,19.8,11.9,1.2,2020-08-22
965,23,15.0,20.8,17.6,12.1,0.4,2020-08-23
966,24,12.2,22.0,17.3,10.3,0.2,2020-08-24
967,25,11.3,21.3,16.7,7.6,1.0,2020-08-25
968,26,15.5,19.4,17.4,20.4,1.2,2020-08-26
969,27,12.3,21.8,16.7,3.5,0.4,2020-08-27
970,28,12.4,22.2,16.7,9.3,1.8,2020-08-28
971,29,11.2,20.8,15.1,8.4,0.2,2020-08-29
972,30,10.8,19.7,14.8,7.7,5.2,2020-08-30
973,31,10.2,19.2,15.2,4.3,0.6,2020-08-31
974,1,8.0,19.7,14.4,3.7,0.0,2020-09-01
975,2,9.4,22.3,16.1,2.7,0.0,2020-09-02
976,3,11.3,21.2,16.1,8.2,3.2,2020-09-03
977,4,13.9,21.9,18.7,9.0,0.6,2020-09-04
978,5,11.7,19.8,15.6,7.2,1.2,2020-09-05
979,6,8.5,19.6,14.4,5.0,0.6,2020-09-06
980,7,8.2,21.6,14.9,4.3,0.0,2020-09-07
981,8,13.0,18.8,16.6,7.6,0.0,2020-09-08
982,9,14.9,22.9,18.6,7.6,0.0,2020-09-09
983,10,8.1,20.3,14.2,2.1,0.0,2020-09-10
984,11,6.6,22.3,14.0,2.4,0.0,2020-09-11
985,12,8.1,20.6,14.4,5.8,0.0,2020-09-12
986,13,10.0,24.2,16.4,4.5,0.0,2020-09-13
987,14,10.3,30.7,19.4,2.3,0.0,2020-09-14
988,15,12.2,33.2,21.8,2.3,0.0,2020-09-15
989,16,14.4,26.1,19.7,6.0,0.0,2020-09-16
990,17,9.6,20.3,14.9,8.0,0.0,2020-09-17
991,18,8.7,23.1,15.5,8.4,0.0,2020-09-18
992,19,9.8,25.4,17.3,6.4,0.0,2020-09-19
993,20,8.9,24.6,16.2,4.3,0.0,2020-09-20
994,21,6.8,25.7,15.6,2.3,0.0,2020-09-21
995,22,7.8,24.3,15.4,1.3,0.0,2020-09-22
996,23,9.7,23.8,16.4,6.6,0.8,2020-09-23
997,24,11.4,19.1,15.2,10.9,5.0,2020-09-24
998,25,8.7,14.6,11.4,12.1,8.6,2020-09-25
999,26,10.3,16.1,12.7,8.7,15.0,2020-09-26
1000,27,11.9,15.4,13.3,6.8,12.6,2020-09-27
1001,28,11.7,12.6,12.2,4.0,10.4,2020-09-28
1002,29,11.7,19.2,14.8,3.9,8.6,2020-09-29
1003,30,12.4,20.3,16.3,4.8,0.0,2020-09-30
1004,1,10.0,16.1,14.1,6.6,9.8,2020-10-01
1005,2,8.2,16.7,12.8,7.7,0.4,2020-10-02
1006,3,10.3,15.8,13.2,6.0,8.2,2020-10-03
1007,4,10.7,14.9,12.2,10.9,0.8,2020-10-04
1008,5,10.7,15.3,12.2,9.8,2.6,2020-10-05
1009,6,11.8,17.6,13.6,13.2,2.6,2020-10-06
1010,7,10.3,15.7,12.7,11.3,14.6,2020-10-07
1011,8,9.9,16.8,13.4,12.2,8.2,2020-10-08
1012,9,9.4,16.5,12.7,4.5,0.2,2020-10-09
1013,10,6.9,13.2,9.8,10.1,14.8,2020-10-10
1014,11,5.6,14.2,9.6,6.0,1.4,2020-10-11
1015,12,7.4,14.3,10.1,4.2,0.2,2020-10-12
1016,13,7.0,13.2,9.5,5.0,0.0,2020-10-13
1017,14,6.6,12.4,9.4,5.6,0.0,2020-10-14
1018,15,7.6,11.4,9.6,5.8,0.0,2020-10-15
1019,16,7.4,11.8,9.0,3.2,0.0,2020-10-16
1020,17,6.1,11.9,8.6,0.2,0.0,2020-10-17
1021,18,4.7,13.0,9.3,4.0,0.4,2020-10-18
1022,19,7.2,14.2,9.9,3.7,0.0,2020-10-19
1023,20,6.8,15.2,11.3,6.4,1.0,2020-10-20
1024,21,12.4,20.4,15.9,14.2,6.6,2020-10-21
1025,22,11.7,17.5,14.9,8.5,0.2,2020-10-22
1026,23,8.2,17.7,12.8,4.3,0.2,2020-10-23
1027,24,12.1,15.8,13.7,11.3,0.2,2020-10-24
1028,25,9.4,15.9,12.8,10.0,4.0,2020-10-25
1029,26,8.6,12.8,10.6,8.7,0.6,2020-10-26
1030,27,7.7,11.9,10.3,11.9,2.2,2020-10-27
1031,28,9.7,14.3,11.5,12.7,2.6,2020-10-28
1032,29,8.1,13.1,10.7,11.7,7.6,2020-10-29
1033,30,13.1,16.3,14.3,14.6,0.4,2020-10-30
1034,31,12.9,16.9,14.4,9.0,1.2,2020-10-31
1035,1,11.2,18.1,14.7,11.3,1.0,2020-11-01
1036,2,11.1,20.1,16.7,17.7,7.4,2020-11-02
1037,3,7.1,13.2,9.8,11.7,0.0,2020-11-03
1038,4,1.9,12.4,6.7,4.3,0.0,2020-11-04
1039,5,0.3,12.0,5.2,1.4,0.2,2020-11-05
1040,6,4.2,12.5,7.7,4.2,0.0,2020-11-06
1041,7,4.1,14.8,7.8,3.2,0.0,2020-11-07
1042,8,3.4,13.8,8.8,1.9,0.8,2020-11-08
1043,9,8.4,17.9,11.9,1.4,0.0,2020-11-09
1044,10,9.2,17.3,12.8,1.8,0.0,2020-11-10
1045,11,9.7,14.6,11.8,3.7,0.0,2020-11-11
1046,12,6.8,14.0,10.7,10.0,2.6,2020-11-12
1047,13,5.1,13.8,9.9,6.6,2.6,2020-11-13
1048,14,9.8,15.7,12.7,6.4,1.0,2020-11-14
1049,15,9.7,16.4,13.6,14.5,8.6,2020-11-15
1050,16,9.1,13.0,10.6,14.6,0.2,2020-11-16
1051,17,10.7,13.3,12.1,14.8,0.2,2020-11-17
1052,18,10.7,16.2,12.9,9.2,0.0,2020-11-18
1053,19,4.8,14.8,9.2,11.6,0.4,2020-11-19
1054,20,2.3,9.2,5.6,5.6,0.0,2020-11-20
1055,21,2.7,10.4,7.9,13.5,0.0,2020-11-21
1056,22,7.3,11.1,9.3,9.8,0.4,2020-11-22
1057,23,2.8,10.4,6.8,4.3,0.2,2020-11-23
1058,24,4.9,11.8,8.2,5.6,0.0,2020-11-24
1059,25,3.5,10.5,6.1,5.1,0.0,2020-11-25
1060,26,6.2,9.5,8.3,2.1,0.8,2020-11-26
1061,27,4.6,7.9,6.1,3.5,0.0,2020-11-27
1062,28,2.9,6.7,4.3,7.2,0.0,2020-11-28
1063,29,-3.5,4.3,1.3,5.5,0.0,2020-11-29
1064,30,-4.4,6.4,0.4,7.7,5.0,2020-11-30
1065,1,6.3,9.4,7.8,9.0,9.2,2020-12-01
1066,2,5.2,6.8,5.9,2.6,0.2,2020-12-02
1067,3,4.6,6.3,5.5,10.3,2.8,2020-12-03
1068,4,0.5,8.1,5.3,11.6,1.8,2020-12-04
1069,5,-2.3,5.8,1.4,3.9,0.0,2020-12-05
1070,6,-0.7,4.0,1.9,2.6,0.4,2020-12-06
1071,7,0.0,4.2,3.2,7.9,8.8,2020-12-07
1072,8,-0.2,5.5,2.6,1.4,0.4,2020-12-08
1073,9,-0.7,3.5,1.5,5.3,0.0,2020-12-09
1074,10,-1.6,2.7,0.1,3.5,0.4,2020-12-10
1075,11,-0.4,4.4,2.4,8.0,4.6,2020-12-11
1076,12,4.4,8.7,7.0,4.3,1.8,2020-12-12
1077,13,6.6,8.9,7.5,9.0,0.2,2020-12-13
1078,14,6.7,11.2,9.3,9.8,4.6,2020-12-14
1079,15,5.2,10.2,8.3,5.1,6.4,2020-12-15
1080,16,2.1,9.2,6.4,4.7,0.2,2020-12-16
1081,17,6.8,10.9,9.1,10.6,1.8,2020-12-17
1082,18,5.1,11.7,7.3,8.5,0.2,2020-12-18
1083,19,4.8,12.1,8.0,9.3,0.2,2020-12-19
1084,20,6.4,10.7,8.6,8.7,0.0,2020-12-20
1085,21,4.3,11.9,7.3,10.5,8.4,2020-12-21
1086,22,9.7,13.3,11.7,11.9,8.6,2020-12-22
1087,23,9.8,12.0,11.2,8.5,7.8,2020-12-23
1088,24,4.0,10.0,5.9,9.0,5.8,2020-12-24
1089,25,0.7,6.2,3.3,5.1,0.0,2020-12-25
1090,26,1.2,5.3,3.6,14.5,0.4,2020-12-26
1091,27,4.6,6.9,5.3,23.3,4.6,2020-12-27
1092,28,2.1,5.4,3.9,4.2,1.0,2020-12-28
1093,29,1.2,4.6,3.4,8.0,0.8,2020-12-29
1094,30,0.6,5.9,3.4,9.7,0.8,2020-12-30
1095,31,2.0,4.0,2.9,2.9,0.2,2020-12-31
1096,1,1.2,5.7,3.2,5.5,0.2,2021-01-01
1097,2,2.3,4.1,3.2,4.3,0.4,2021-01-02
1098,3,2.7,3.7,3.2,7.9,0.0,2021-01-03
1099,4,2.0,3.6,2.8,12.2,1.0,2021-01-04
1100,5,1.9,3.7,2.7,9.2,0.2,2021-01-05
1101,6,2.0,3.8,2.8,6.8,0.2,2021-01-06
1102,7,1.1,3.8,2.4,7.7,4.0,2021-01-07
1103,8,-1.4,3.8,2.1,2.9,2.0,2021-01-08
1104,9,-3.7,5.6,0.4,1.9,0.2,2021-01-09
1105,10,-2.2,5.3,1.3,4.0,0.0,2021-01-10
1106,11,1.6,6.2,3.7,14.3,0.0,2021-01-11
1107,12,1.5,8.2,5.7,11.7,6.6,2021-01-12
1108,13,1.2,6.1,3.4,9.5,0.2,2021-01-13
1109,14,-0.2,4.3,1.8,6.3,0.0,2021-01-14
1110,15,-1.1,1.8,0.7,3.4,0.0,2021-01-15
1111,16,-0.4,2.2,0.7,6.9,2.0,2021-01-16
1112,17,-0.2,7.7,3.6,6.1,1.8,2021-01-17
1113,18,2.9,6.7,4.7,11.7,0.2,2021-01-18
1114,19,4.6,9.9,7.0,20.0,13.4,2021-01-19
1115,20,6.6,11.1,8.8,16.3,0.0,2021-01-20
1116,21,5.9,12.6,8.2,19.5,7.8,2021-01-21
1117,22,-0.3,8.8,3.9,9.8,4.2,2021-01-22
1118,23,-0.4,5.4,2.9,6.6,1.2,2021-01-23
1119,24,0.9,5.0,2.3,7.6,3.4,2021-01-24
1120,25,-0.2,5.3,2.3,7.4,1.2,2021-01-25
1121,26,2.8,6.6,4.3,11.3,4.4,2021-01-26
1122,27,1.5,6.7,4.1,11.4,1.4,2021-01-27
1123,28,5.3,6.5,5.7,4.3,16.4,2021-01-28
1124,29,5.9,10.3,8.7,14.3,10.0,2021-01-29
1125,30,-0.4,5.9,1.6,13.7,0.2,2021-01-30
1126,31,-3.3,2.9,-0.3,8.7,0.2,2021-01-31
1127,1,1.0,3.6,2.2,5.1,0.6,2021-02-01
1128,2,2.2,10.1,5.9,6.8,7.4,2021-02-02
1129,3,7.6,9.8,8.8,7.7,13.8,2021-02-03
1130,4,4.9,10.4,7.2,8.0,0.0,2021-02-04
1131,5,5.5,10.9,7.6,3.9,7.0,2021-02-05
1132,6,-0.9,6.3,3.9,13.4,1.0,2021-02-06
1133,7,-5.1,-0.9,-3.7,20.1,6.4,2021-02-07
1134,8,-7.7,-4.9,-6.1,15.3,0.2,2021-02-08
1135,9,-10.2,-2.5,-6.8,4.7,0.2,2021-02-09
1136,10,-9.8,-1.6,-5.2,5.5,0.0,2021-02-10
1137,11,-10.2,-1.2,-5.7,2.6,0.0,2021-02-11
1138,12,-10.5,-3.6,-6.8,10.0,0.0,2021-02-12
1139,13,-11.3,-1.5,-6.4,6.9,0.0,2021-02-13
1140,14,-6.8,4.3,-1.2,10.3,0.2,2021-02-14
1141,15,0.8,4.4,2.9,10.9,1.4,2021-02-15
1142,16,3.7,11.8,7.3,8.5,1.4,2021-02-16
1143,17,7.5,12.5,9.6,13.4,0.2,2021-02-17
1144,18,5.7,12.1,8.4,10.6,7.2,2021-02-18
1145,19,2.8,11.2,7.1,9.5,0.0,2021-02-19
1146,20,8.3,16.7,11.6,8.7,0.0,2021-02-20
1147,21,5.6,17.8,10.9,6.3,0.0,2021-02-21
1148,22,5.6,17.2,11.7,6.3,0.0,2021-02-22
1149,23,7.7,18.7,13.3,8.7,0.0,2021-02-23
1150,24,8.6,19.1,13.2,8.5,0.0,2021-02-24
1151,25,6.6,17.4,11.6,6.3,13.2,2021-02-25
1152,26,3.5,11.0,7.7,5.8,0.0,2021-02-26
1153,27,1.6,8.6,4.8,2.7,0.0,2021-02-27
1154,28,-0.2,10.3,4.8,5.1,0.0,2021-02-28
1155,1,3.2,8.6,4.8,9.2,0.0,2021-03-01
1156,2,0.3,15.5,6.9,4.2,0.2,2021-03-02
1157,3,1.8,15.6,7.6,3.5,0.0,2021-03-03
1158,4,3.6,4.9,4.3,5.3,1.4,2021-03-04
1159,5,-1.6,6.8,2.7,6.9,0.0,2021-03-05
1160,6,-3.8,7.0,1.3,3.1,0.0,2021-03-06
1161,7,-3.3,6.7,1.8,3.2,0.0,2021-03-07
1162,8,1.9,9.1,5.3,4.0,0.0,2021-03-08
1163,9,3.7,7.7,5.6,8.0,2.2,2021-03-09
1164,10,2.1,10.6,6.4,11.1,1.6,2021-03-10
1165,11,6.6,13.2,9.6,25.7,4.8,2021-03-11
1166,12,4.6,9.3,7.1,20.0,1.6,2021-03-12
1167,13,5.4,9.8,7.5,22.9,11.6,2021-03-13
1168,14,3.9,9.2,6.2,12.7,2.0,2021-03-14
1169,15,5.2,9.2,6.6,11.6,4.2,2021-03-15
1170,16,3.9,7.4,5.8,6.4,6.4,2021-03-16
1171,17,2.2,7.6,5.1,7.4,1.2,2021-03-17
1172,18,-0.6,6.9,3.9,5.1,0.2,2021-03-18
1173,19,0.2,9.4,4.7,8.5,0.0,2021-03-19
1174,20,-1.7,9.4,4.3,5.3,0.0,2021-03-20
1175,21,3.7,8.2,6.4,10.0,0.2,2021-03-21
1176,22,2.4,8.7,5.6,4.5,0.4,2021-03-22
1177,23,3.2,12.8,7.7,6.0,0.0,2021-03-23
1178,24,0.7,16.0,8.1,5.3,0.0,2021-03-24
1179,25,4.1,12.7,8.4,6.0,0.0,2021-03-25
1180,26,4.4,14.7,9.8,12.2,0.0,2021-03-26
1181,27,2.9,10.1,6.5,14.3,6.6,2021-03-27
1182,28,5.6,13.7,10.0,14.6,0.0,2021-03-28
1183,29,7.4,20.6,13.3,11.3,0.0,2021-03-29
1184,30,2.1,23.1,12.5,2.4,0.0,2021-03-30
1185,31,4.2,24.5,14.3,2.1,0.0,2021-03-31
1186,1,5.8,17.1,12.1,6.4,0.0,2021-04-01
1187,2,2.7,9.4,5.8,8.7,0.0,2021-04-02
1188,3,3.9,11.8,7.1,7.7,0.0,2021-04-03
1189,4,4.4,8.4,6.2,6.1,0.0,2021-04-04
1190,5,1.1,7.2,4.2,15.6,2.2,2021-04-05
1191,6,0.4,4.3,1.9,11.6,2.8,2021-04-06
1192,7,0.4,7.1,2.7,13.0,12.2,2021-04-07
1193,8,1.4,9.3,5.1,10.5,0.0,2021-04-08
1194,9,3.4,13.3,7.9,8.7,0.0,2021-04-09
1195,10,5.2,7.9,6.4,9.3,12.2,2021-04-10
1196,11,2.3,7.9,4.7,8.7,0.8,2021-04-11
1197,12,-0.6,8.4,3.6,6.9,0.8,2021-04-12
1198,13,-0.1,10.3,4.9,5.1,0.0,2021-04-13
1199,14,-1.1,9.4,4.2,4.3,0.0,2021-04-14
1200,15,0.8,10.0,5.5,4.5,0.0,2021-04-15
1201,16,0.3,13.2,7.1,6.8,0.0,2021-04-16
1202,17,2.2,13.4,7.9,7.7,0.0,2021-04-17
1203,18,0.8,15.6,9.8,6.0,0.0,2021-04-18
1204,19,4.8,12.9,8.2,2.6,2.6,2021-04-19
1205,20,1.9,17.4,10.3,1.8,0.0,2021-04-20
1206,21,5.2,16.2,10.3,8.0,0.0,2021-04-21
1207,22,0.3,12.6,7.0,6.1,0.0,2021-04-22
1208,23,0.4,14.2,7.7,4.3,0.0,2021-04-23
1209,24,1.8,14.7,8.4,8.4,0.0,2021-04-24
1210,25,3.0,12.1,7.2,7.9,0.0,2021-04-25
1211,26,1.4,14.1,8.2,7.2,0.0,2021-04-26
1212,27,1.8,15.7,9.7,7.6,0.0,2021-04-27
1213,28,3.3,19.9,11.6,6.6,0.0,2021-04-28
1214,29,6.7,10.9,8.4,10.3,0.6,2021-04-29
1215,30,5.5,12.1,8.2,5.8,0.6,2021-04-30
1216,1,2.2,12.9,8.1,6.1,0.0,2021-05-01
1217,2,3.5,11.3,7.4,7.4,0.0,2021-05-02
1218,3,0.1,15.0,8.8,10.5,0.0,2021-05-03
1219,4,7.2,13.0,10.0,23.3,5.8,2021-05-04
1220,5,4.2,11.5,7.4,14.2,3.6,2021-05-05
1221,6,4.3,11.6,7.4,6.0,3.4,2021-05-06
1222,7,0.8,13.3,7.3,7.2,8.0,2021-05-07
1223,8,1.9,17.9,10.4,7.6,0.8,2021-05-08
1224,9,11.1,26.2,18.9,8.2,0.0,2021-05-09
1225,10,13.8,20.9,17.4,9.2,0.0,2021-05-10
1226,11,11.7,17.4,14.3,2.6,1.8,2021-05-11
1227,12,9.1,17.5,13.2,5.3,0.2,2021-05-12
1228,13,6.1,19.8,12.7,3.9,1.6,2021-05-13
1229,14,7.6,16.7,12.5,3.5,2.8,2021-05-14
1230,15,8.4,15.2,11.2,5.1,4.0,2021-05-15
1231,16,9.6,16.4,11.8,8.5,2.0,2021-05-16
1232,17,9.3,14.6,11.8,8.7,3.8,2021-05-17
1233,18,8.0,17.0,12.5,8.4,3.6,2021-05-18
1234,19,6.7,15.9,10.4,5.0,11.8,2021-05-19
1235,20,6.7,16.2,11.6,6.6,0.2,2021-05-20
1236,21,10.2,17.2,13.2,16.9,2.4,2021-05-21
1237,22,9.5,13.6,10.8,15.3,6.0,2021-05-22
1238,23,9.6,15.7,12.2,11.4,0.2,2021-05-23
1239,24,8.9,16.3,12.3,9.0,5.2,2021-05-24
1240,25,7.0,13.9,10.2,10.9,7.8,2021-05-25
1241,26,8.8,14.8,11.3,11.7,0.6,2021-05-26
1242,27,8.2,12.6,10.8,9.7,2.4,2021-05-27
1243,28,4.6,18.8,11.9,2.3,0.0,2021-05-28
1244,29,7.4,19.8,14.3,4.3,0.0,2021-05-29
1245,30,7.5,22.3,15.4,5.5,0.0,2021-05-30
1246,31,9.6,23.1,17.6,4.5,0.0,2021-05-31
1247,1,15.7,22.8,18.8,3.4,0.0,2021-06-01
1248,2,12.1,28.2,21.0,4.5,0.0,2021-06-02
1249,3,18.3,25.1,20.9,2.1,0.0,2021-06-03
1250,4,16.9,18.7,18.1,2.6,0.0,2021-06-04
1251,5,14.6,19.4,17.1,6.8,0.0,2021-06-05
1252,6,13.3,21.7,16.6,6.4,0.0,2021-06-06
1253,7,9.3,23.6,17.5,4.3,0.0,2021-06-07
1254,8,10.9,23.8,16.5,2.4,0.0,2021-06-08
1260,14,18.2,28.4,25.3,7.2,0.0,2021-06-14
1261,15,15.4,24.2,19.6,4.5,0.0,2021-06-15
1262,16,12.7,30.4,22.2,3.9,0.0,2021-06-16
1263,17,16.7,31.6,24.9,6.6,0.0,2021-06-17
1264,18,19.4,30.8,24.1,5.8,18.4,2021-06-18
1265,19,19.2,23.3,20.6,7.9,0.0,2021-06-19
1266,20,17.4,25.2,20.8,8.4,7.0,2021-06-20
1267,21,13.7,19.4,15.7,7.2,20.2,2021-06-21
1268,22,11.3,19.1,14.9,5.5,4.4,2021-06-22
1269,23,11.6,17.4,14.6,4.0,1.4,2021-06-23
1270,24,13.6,18.9,15.8,4.5,0.0,2021-06-24
1271,25,7.4,21.1,14.8,5.0,1.4,2021-06-25
1272,26,13.3,25.2,19.3,2.9,0.0,2021-06-26
1273,27,16.4,27.1,20.5,5.3,5.0,2021-06-27
1274,28,15.1,23.3,19.7,0.3,4.6,2021-06-28
1275,29,15.7,24.1,19.4,6.0,0.4,2021-06-29
1276,30,13.3,15.9,14.3,6.1,12.6,2021-06-30
1277,1,12.9,15.1,14.0,7.4,0.6,2021-07-01
1278,2,12.1,21.6,16.2,3.2,0.0,2021-07-02
1279,3,12.1,23.8,18.3,1.9,5.4,2021-07-03
1280,4,14.3,22.3,17.6,1.9,12.2,2021-07-04
1281,5,13.5,20.6,16.5,5.5,3.0,2021-07-05
1282,6,13.7,21.2,18.1,11.9,1.2,2021-07-06
1283,7,12.3,23.0,17.9,6.8,0.0,2021-07-07
1284,8,13.4,23.8,18.9,2.9,0.0,2021-07-08
1285,9,13.7,23.7,18.9,5.0,0.0,2021-07-09
1286,10,14.6,23.3,18.4,2.1,0.8,2021-07-10
1287,11,15.7,23.2,18.7,4.5,0.2,2021-07-11
1288,12,13.6,24.5,19.4,3.1,0.0,2021-07-12
1289,13,17.4,21.1,19.1,4.2,0.6,2021-07-13
1290,14,17.4,19.9,18.3,9.5,10.0,2021-07-14
1291,15,16.8,19.1,18.1,8.7,27.6,2021-07-15
1292,16,15.5,21.5,17.5,5.3,0.6,2021-07-16
1293,17,16.1,25.7,20.4,6.3,0.0,2021-07-17
1294,18,15.1,27.2,21.0,5.8,0.0,2021-07-18
1295,19,13.8,23.0,18.6,3.7,0.0,2021-07-19
1296,20,11.1,22.4,17.2,3.4,0.0,2021-07-20
1297,21,11.0,24.8,18.8,2.1,0.0,2021-07-21
1298,22,15.2,23.7,19.5,4.7,0.0,2021-07-22
1299,23,11.5,23.1,17.8,5.3,0.0,2021-07-23
1300,24,14.5,21.6,18.0,4.0,0.6,2021-07-24
1301,25,14.9,26.3,20.6,4.3,0.2,2021-07-25
1302,26,14.7,23.7,19.2,6.6,0.0,2021-07-26
1303,27,15.8,22.3,18.7,6.1,2.6,2021-07-27
1304,28,14.4,22.1,17.9,10.6,3.2,2021-07-28
1305,29,12.9,21.6,17.3,12.7,0.8,2021-07-29
1306,30,10.3,23.9,17.1,8.2,0.8,2021-07-30
1307,31,13.4,21.1,17.1,12.9,3.0,2021-07-31
